Date,Open,High,Low,Close,Volume,Adj Close
2014-04-15,500.01,515.0,453.16,499.01,28535.84410595,499.01
2014-04-16,535.01,548.0,494.02,534.0,31159.9413002,534.0
2014-04-17,504.7,537.24,481.63,506.52,21126.37508023,506.52
2014-04-18,484.14,508.43,470.0,487.0,11879.48475557,487.0
2014-04-19,504.74,507.43,472.81,504.74,10262.19586146,504.74
2014-04-20,496.2,516.53,493.0,496.2,6034.64113905,496.2
2014-04-21,496.31,515.0,490.0,497.0,8429.04572287,497.0
2014-04-22,488.27,504.9,486.44,489.5,7651.35803164,489.5
2014-04-23,491.8,495.2,484.61,491.31,6490.42232713,491.31
2014-04-24,496.16,499.0,480.0,498.32,6875.47342801,498.32
2014-04-25,462.5,505.0,438.05,463.54,32311.71980748,463.54
2014-04-26,459.0,470.96,451.07,459.0,10885.1048664,459.0
2014-04-27,446.9,461.97,438.88,446.9,7383.82659768,446.9
2014-04-28,447.03,452.16,424.0,447.03,18802.95830003,447.03
2014-04-29,447.31,454.47,432.02,447.32,15120.3357134,447.32
2014-04-30,448.51,451.88,433.08,450.1,9694.95230401,450.1
2014-05-01,458.69,465.88,444.79,460.98,10479.31086448,460.98
2014-05-02,448.62,462.99,444.51,448.62,7670.55277468,448.62
2014-05-03,438.6,455.78,431.0,438.22,8260.32135281,438.22
2014-05-04,438.0,441.9,429.55,438.0,4040.22365697,438.0
2014-05-05,431.19,445.0,425.0,431.8,9136.02425448,431.8
2014-05-06,431.85,434.89,420.27,431.84,8280.88136882,431.84
2014-05-07,447.06,452.0,425.67,448.2,12038.17376555,448.2
2014-05-08,442.01,450.08,438.0,443.09,7245.83728943,443.09
2014-05-10,454.6,455.5,449.79,455.5,3277.33718336,455.5
2014-05-11,438.78,459.24,429.6,439.27,9337.98139616,439.27
2014-05-12,441.14,443.6,431.56,441.14,4650.35552554,441.14
2014-05-13,437.27,443.77,430.61,438.88,6120.56580368,438.88
2014-05-14,447.48,449.96,437.24,447.48,6190.16395097,447.48
2014-05-15,448.01,452.67,444.0,448.38,5668.81379882,448.38
2014-05-16,449.71,452.41,444.5,449.71,3721.09323689,449.71
2014-05-17,449.03,451.48,445.01,450.67,2389.08237771,450.67
2014-05-18,446.25,451.43,444.52,446.28,2505.62835683,446.28
2014-05-19,447.08,450.0,441.44,447.08,4649.9055174,447.08
2014-05-20,484.62,500.0,446.24,486.98,27451.56641889,486.98
2014-05-21,494.37,499.1,484.8,494.38,7763.72032313,494.38
2014-05-22,523.91,528.87,492.65,525.0,16566.99493027,525.0
2014-05-23,529.11,547.1,519.97,529.11,19281.29289312,529.11
2014-05-24,525.62,532.64,515.4,525.62,6528.66202408,525.62
2014-05-25,569.8,586.34,524.5,569.82,19696.48756522,569.82
2014-05-26,580.85,593.48,565.58,581.93,11987.53752011,581.93
2014-05-27,577.0,595.0,550.22,577.0,19376.39228613,577.0
2014-05-28,572.59,582.26,563.45,574.5,8672.88728525,574.5
2014-05-29,569.98,582.1,560.05,571.49,8742.09658003,571.49
2014-05-30,622.55,624.36,568.56,622.55,19999.82991863,622.55
2014-05-31,624.78,629.4,611.0,625.54,11941.51052504,625.54
2014-06-01,641.02,683.26,618.53,641.02,23349.05876353,641.02
2014-06-02,672.66,677.77,613.03,672.66,18105.36273727,672.66
2014-06-03,668.8,680.99,649.61,669.9,16331.00167535,669.9
2014-06-04,644.02,673.87,621.86,646.0,17245.21001154,646.0
2014-06-05,661.43,669.63,639.69,664.69,10672.51601555,664.69
2014-06-06,654.01,664.97,647.86,654.01,6216.08564801,654.01
2014-06-07,655.45,656.84,635.88,656.11,6313.44950642,656.11
2014-06-08,655.0,661.11,651.7,656.2,2515.39855303,656.2
2014-06-09,644.42,659.0,639.93,646.0,6698.09572966,646.0
2014-06-10,646.09,657.41,642.08,646.09,6172.18012614,646.09
2014-06-11,620.9,652.39,615.0,620.91,9557.55659304,620.91
2014-06-12,572.15,630.36,571.0,575.89,15374.84930737,575.89
2014-06-13,588.66,611.99,550.0,588.54,28843.43024165,588.54
2014-06-14,559.06,593.53,538.38,559.06,14715.92185313,559.06
2014-06-15,571.56,576.64,552.11,571.56,7485.99911141,571.56
2014-06-16,595.01,610.0,571.01,596.0,13578.27725016,596.0
2014-06-17,604.95,608.88,580.0,604.6,6048.92969207,604.6
2014-06-18,607.02,616.0,599.9,607.87,7757.93966383,607.87
2014-06-19,595.53,609.98,593.68,595.53,3946.15920627,595.53
2014-06-20,594.01,598.68,580.51,594.01,7280.35186255,594.01
2014-06-21,590.08,594.97,580.0,590.08,2819.72672898,590.08
2014-06-22,598.22,605.05,587.82,599.99,4120.15286008,599.99
2014-06-23,588.24,601.0,580.46,588.24,5172.38295606,588.24
2014-06-24,582.73,588.67,579.99,582.73,4948.11065124,582.73
2014-06-25,563.05,582.82,555.11,564.1,9899.08420082,564.1
2014-06-26,573.74,574.93,554.45,573.82,4814.70919658,573.82
2014-06-27,582.27,590.0,573.52,583.0,7707.04777636,583.0
2014-06-28,593.94,604.21,582.28,596.9,4824.23570869,596.9
2014-06-29,595.02,601.79,589.56,596.4,1665.60264846,596.4
2014-06-30,641.0,647.09,595.02,642.86,15435.11173452,642.86
2014-07-01,646.8,658.88,636.0,649.61,9459.33510683,649.61
2014-07-02,647.6,658.75,638.0,649.91,5605.47970911,649.91
2014-07-03,642.61,652.79,638.79,644.87,4890.15418397,644.87
2014-07-04,628.5,650.48,616.3,631.04,8816.3507186,631.04
2014-07-05,624.44,632.97,623.23,624.44,1795.02151747,624.44
2014-07-06,631.66,639.0,622.86,632.89,3485.13673529,632.89
2014-07-07,620.01,636.0,612.9,621.5,7035.02593881,621.5
2014-07-08,623.22,626.62,616.89,623.22,2671.09093189,623.22
2014-07-09,623.0,626.88,618.71,624.0,2259.42390756,624.0
2014-07-10,616.14,624.35,607.9,617.99,6214.93056255,617.99
2014-07-11,632.69,635.0,613.46,633.0,6209.35930842,633.0
2014-07-12,635.87,642.57,628.7,636.91,3830.12110244,636.91
2014-07-13,629.73,638.73,626.09,629.73,4088.9895761,629.73
2014-07-14,621.5,632.0,617.7,622.91,3674.31680414,622.91
2014-07-15,621.42,626.25,616.09,624.77,3692.73514929,624.77
2014-07-16,615.84,625.0,610.01,614.9,5427.91161501,614.9
2014-07-17,626.26,629.0,610.0,626.26,4841.37758703,626.26
2014-07-18,628.0,632.96,618.46,628.37,4086.67080501,628.37
2014-07-19,629.01,632.96,625.0,630.95,1941.01496177,630.95
2014-07-20,623.21,631.5,620.0,625.5,1526.80140362,625.5
2014-07-21,620.06,628.0,615.0,621.96,3911.08947579,621.96
2014-07-22,619.75,624.99,618.91,621.94,3434.51794951,621.94
2014-07-23,619.9,623.0,615.51,621.0,3824.25512704,621.0
2014-07-24,602.24,622.67,591.12,604.0,10209.50495695,604.0
2014-07-25,600.23,609.65,592.97,602.0,4949.0623595,602.0
2014-07-26,593.36,603.0,590.0,595.09,3531.18561827,595.09
2014-07-27,593.02,602.83,589.0,594.95,3924.64263771,594.95
2014-07-28,587.07,596.0,570.5,589.0,10325.89371668,589.0
2014-07-29,583.93,593.0,578.0,584.51,4244.18765569,584.51
2014-07-30,557.87,586.0,557.12,560.79,10188.32978793,560.79
2014-07-31,586.08,590.0,555.9,587.75,9461.5277436,587.75
2014-08-02,595.46,607.2,582.0,596.3,11790.00258004,596.3
2014-08-04,591.21,595.7,581.8,592.24,3608.61770315,592.24
2014-08-05,580.34,589.0,578.25,580.33,6881.61018005,580.33
2014-08-07,581.17,586.36,576.44,582.73,7584.99940018,582.73
2014-08-08,590.01,595.0,583.93,591.97,4510.75536028,591.97
2014-08-09,589.99,591.97,585.21,590.11,1620.89451863,590.11
2014-08-10,586.97,597.0,586.0,586.98,3123.10768915,586.98
2014-08-11,572.46,590.99,571.0,573.95,5793.18657033,573.95
2014-08-12,568.72,575.73,561.9,568.73,6799.09176563,568.73
2014-08-13,545.91,572.0,524.55,545.91,25297.99097926,545.91
2014-08-14,504.11,551.86,497.0,506.73,25774.64606254,506.73
2014-08-15,501.34,521.79,481.55,501.34,16576.0797556,501.34
2014-08-16,519.05,529.8,485.0,522.0,12907.09420878,522.0
2014-08-17,491.02,524.8,485.39,491.02,10310.93213211,491.02
2014-08-18,462.65,510.0,442.0,462.65,28441.76511622,462.65
2014-08-19,485.23,493.98,453.01,485.51,18318.77513878,485.51
2014-08-20,511.52,527.01,466.0,512.89,18883.98592175,512.89
2014-08-21,523.5,534.14,510.57,525.16,13202.86710699,525.16
2014-08-22,516.62,528.0,500.01,518.33,16705.36372766,518.33
2014-08-23,497.5,521.0,487.0,497.49,8632.1869441,497.49
2014-08-24,507.07,515.95,490.0,510.84,5901.11444748,510.84
2014-08-25,502.34,510.84,496.79,504.2,5447.47586282,504.2
2014-08-26,508.65,516.0,499.0,508.65,7140.97254867,508.65
2014-08-27,515.0,523.09,508.94,515.0,7103.34149685,515.0
2014-08-28,507.01,515.58,507.0,507.01,7719.60980099,507.01
2014-08-29,508.88,514.98,501.25,508.88,7243.76586927,508.88
2014-08-30,498.72,509.65,498.13,499.0,4390.32085205,499.0
2014-08-31,481.83,504.75,473.33,481.79,10930.51751293,481.79
2014-09-01,481.03,490.0,472.54,481.01,8188.20948824,481.01
2014-09-02,477.5,484.61,470.42,477.5,8144.56454181,477.5
2014-09-03,471.63,477.99,471.0,471.9,4935.64195687,471.9
2014-09-04,488.18,497.0,471.04,488.88,10876.4403155,488.88
2014-09-05,478.17,492.99,477.01,478.46,4963.134257,478.46
2014-09-06,480.01,485.0,473.03,480.01,3517.6499626,480.01
2014-09-07,478.58,483.0,477.25,478.58,2238.08500379,478.58
2014-09-08,468.5,479.46,456.3,468.82,14965.99736438,468.82
2014-09-10,476.03,476.99,459.18,476.99,9379.4807723,476.99
2014-09-11,474.74,480.8,465.0,474.78,7990.34780932,474.78
2014-09-12,471.41,478.0,462.0,472.5,6622.70259376,472.5
2014-09-13,478.79,480.13,467.43,478.74,5872.5553976,478.74
2014-09-14,474.17,481.58,474.0,474.93,3909.54412303,474.93
2014-09-15,475.08,479.62,470.0,475.07,5266.59263221,475.07
2014-09-16,462.35,475.98,462.0,462.48,6805.41530341,462.48
2014-09-17,445.56,465.57,443.57,446.9,11777.15851413,446.9
2014-09-18,425.49,453.94,407.94,425.49,21458.84007791,425.49
2014-09-19,397.5,429.0,378.78,398.53,30513.69934161,398.53
2014-09-20,409.97,431.11,390.0,411.0,19945.74716519,411.0
2014-09-21,395.6,414.45,390.0,396.78,14195.94059412,396.78
2014-09-22,400.48,409.38,395.61,400.48,10406.62991082,400.48
2014-09-23,438.44,452.67,393.6,439.5,26725.29748282,439.5
2014-09-24,425.64,443.9,418.83,426.88,14882.34017612,426.88
2014-09-25,412.52,427.95,400.0,412.57,15315.99309298,412.57
2014-09-26,406.38,414.35,396.53,408.42,9994.88352287,408.42
2014-09-27,402.16,408.99,396.57,402.16,5548.55470855,402.16
2014-09-29,375.48,403.99,368.9,376.86,16527.43136459,376.86
2014-09-30,388.52,397.75,366.0,389.66,16378.99097021,389.66
2014-10-01,384.35,394.88,377.01,384.92,13417.03154145,384.92
2014-10-02,372.99,385.92,372.95,373.89,10085.23729447,373.89
2014-10-03,356.54,378.11,356.0,357.93,18400.11086746,357.93
2014-10-04,331.52,365.07,322.04,332.23,29008.70096344,332.23
2014-10-05,300.04,339.43,275.0,300.98,57052.1079549,300.98
2014-10-06,332.24,347.0,295.89,332.92,75616.60471926,332.92
2014-10-07,329.42,336.99,312.37,329.94,23134.39545076,329.94
2014-10-08,353.67,355.0,326.93,353.67,27768.82024727,353.67
2014-10-09,359.03,395.55,348.3,359.92,46916.15551862,359.92
2014-10-10,359.81,380.08,351.1,359.81,22477.45114157,359.81
2014-10-11,362.58,368.06,352.1,362.63,9702.22910937,362.63
2014-10-12,378.04,383.6,354.71,378.06,14329.64213218,378.06
2014-10-13,400.0,400.0,368.07,400.0,24697.54277613,400.0
2014-10-14,408.0,417.99,390.0,408.03,25247.02151075,408.03
2014-10-15,392.29,405.81,385.92,393.46,19054.11379333,393.46
2014-10-16,381.85,399.0,370.1,381.85,22925.84257978,381.85
2014-10-18,389.35,393.16,370.96,389.0,8823.06090369,389.0
2014-10-19,387.22,394.25,385.0,387.3,3073.21493439,387.3
2014-10-20,382.6,391.78,376.2,383.82,11553.36844047,383.82
2014-10-21,385.56,393.55,378.01,386.57,8611.0476945,386.57
2014-10-22,383.38,388.87,380.0,383.38,8186.49769117,383.38
2014-10-23,355.15,384.91,352.4,358.18,20536.57271099,358.18
2014-10-24,356.45,363.71,344.34,356.7,16286.82532807,356.7
2014-10-25,350.27,359.1,341.22,352.56,10893.99706437,352.56
2014-10-26,354.97,363.0,344.5,354.97,7960.96535279,354.97
2014-10-27,353.04,358.65,349.21,353.66,8367.85672556,353.66
2014-10-28,354.26,359.5,349.35,354.5,7887.43764488,354.5
2014-10-29,337.88,357.45,336.01,337.89,12796.62935624,337.89
2014-10-30,346.11,352.83,332.99,345.77,14610.87730066,345.77
2014-10-31,340.06,348.65,335.5,340.0,7727.04832294,340.0
2014-11-01,322.94,340.74,316.61,323.9,15054.62288383,323.9
2014-11-02,324.6,329.0,318.24,325.48,7928.06064239,325.48
2014-11-03,325.2,333.99,322.0,325.99,11600.95868213,325.99
2014-11-04,327.73,332.9,320.0,328.18,13462.36295305,328.18
2014-11-05,339.52,344.17,327.53,339.54,15606.81700547,339.54
2014-11-06,349.04,353.1,336.27,350.1,14303.92394846,350.1
2014-11-07,341.97,352.15,340.4,341.97,7406.97216226,341.97
2014-11-08,346.19,347.75,340.6,346.17,3720.92416276,346.17
2014-11-09,360.18,361.97,343.4,360.13,9351.86655221,360.13
2014-11-10,367.88,377.77,357.3,365.0,20375.63699623,365.0
2014-11-11,368.33,371.52,360.28,369.42,7412.87029342,369.42
2014-11-12,420.38,434.8,367.48,421.68,43300.62199706,421.68
2014-11-13,417.21,453.92,381.55,417.2,49753.19528984,417.2
2014-11-14,399.59,425.0,382.95,400.8,22876.97828427,400.8
2014-11-15,378.52,407.22,369.0,379.03,14213.32273815,379.03
2014-11-16,389.5,395.0,375.0,389.9,9964.3621698,389.9
2014-11-17,389.01,415.0,375.0,389.03,23967.7587843,389.03
2014-11-18,376.65,394.64,371.0,377.19,15059.18229091,377.19
2014-11-19,377.32,386.39,371.7,377.32,9330.27858112,377.32
2014-11-20,357.15,381.8,351.8,357.93,16460.72390857,357.93
2014-11-22,353.03,365.93,350.0,354.44,6747.16309738,354.44
2014-11-23,367.0,373.5,353.01,367.88,7805.95868442,367.88
2014-11-24,376.04,389.99,364.5,376.05,18513.47715449,376.05
2014-11-25,379.1,395.11,374.31,379.1,16488.13630784,379.1
2014-11-26,364.65,379.22,363.38,364.63,13085.19273728,364.63
2014-11-27,367.62,375.33,364.63,368.39,6405.66473445,368.39
2014-11-28,374.6,381.34,358.0,375.83,13644.43030397,375.83
2014-11-29,375.61,386.6,372.25,375.57,7356.43338335,375.57
2014-11-30,373.32,381.99,373.32,373.32,3104.75001194,373.32
2014-12-01,376.82,382.31,373.03,378.7,6652.13313325,378.7
2014-12-02,378.0,382.86,375.23,378.01,6862.58792321,378.01
2014-12-03,376.54,383.0,374.23,377.47,7916.77664163,377.47
2014-12-04,367.83,378.99,360.0,368.5,12246.79110586,368.5
2014-12-05,375.99,377.89,363.99,376.85,9265.42961769,376.85
2014-12-06,374.97,376.99,371.31,376.06,2251.54656206,376.06
2014-12-07,376.3,377.5,373.08,377.1,2553.86335923,377.1
2014-12-08,364.61,377.45,364.6,364.6,9945.72177917,364.6
2014-12-09,349.8,366.03,343.97,351.7,21353.7799986,351.7
2014-12-10,347.37,353.74,347.23,347.99,6602.22148439,347.99
2014-12-11,348.31,364.43,339.8,349.06,16554.17384809,349.06
2014-12-12,354.76,358.59,348.0,355.5,8083.99296793,355.5
2014-12-13,349.88,354.95,347.03,349.88,3895.7848542,349.88
2014-12-14,354.93,359.3,347.44,354.87,6319.53708997,354.87
2014-12-15,349.12,358.37,346.21,349.51,8165.74435579,349.51
2014-12-16,331.27,349.36,330.23,333.08,17172.38981006,333.08
2014-12-17,321.02,335.99,315.23,321.02,23916.93252534,321.02
2014-12-18,311.33,325.61,304.99,311.31,21402.84767894,311.31
2014-12-19,318.61,320.0,307.11,318.84,16188.22859442,318.84
2014-12-20,329.22,329.99,316.52,329.97,10654.62959189,329.97
2014-12-21,322.14,333.0,318.78,322.82,7025.83175166,322.82
2014-12-22,329.83,333.99,319.9,329.82,11803.6572224,329.82
2014-12-23,335.43,338.99,327.49,336.91,7764.01402621,336.91
2014-12-24,323.42,337.0,321.3,323.79,5741.80319915,323.79
2014-12-25,318.45,324.23,316.63,319.5,4182.41954887,319.5
2014-12-26,329.75,332.0,316.64,329.74,6351.34062507,329.74
2014-12-27,316.84,330.97,311.63,316.81,8467.45091981,316.81
2014-12-28,316.9,319.56,311.22,317.67,4335.40658597,317.67
2014-12-29,313.45,320.14,311.61,313.69,5909.34047376,313.69
2014-12-30,311.03,316.77,310.0,311.98,9956.05286911,311.98
2014-12-31,319.19,319.99,310.69,319.99,5723.0610771,319.99
2015-01-01,315.2,321.0,312.6,315.19,3665.62388968,315.19
2015-01-02,315.15,317.01,311.96,316.1,3495.27630346,316.1
2015-01-03,287.98,316.64,286.0,287.97,19378.6336293,287.97
2015-01-04,259.71,289.81,255.0,260.01,43194.28678415,260.01
2015-01-09,292.62,305.0,272.45,293.42,8388.75897966,293.42
2015-01-10,276.31,297.99,271.03,276.3,30727.19886741,276.3
2015-01-11,268.0,280.94,265.01,268.0,11163.67272425,268.0
2015-01-12,268.21,272.43,262.08,268.2,11906.14657768,268.2
2015-01-13,220.5,269.11,216.0,220.5,56583.05159544,220.5
2015-01-14,170.02,230.89,152.4,170.0,123651.53024554,170.0
2015-01-15,207.4,233.9,161.1,207.6,85879.83510188,207.6
2015-01-16,208.07,223.15,198.04,208.36,35597.32515196,208.36
2015-01-17,199.25,212.84,192.17,199.55,20411.90003174,199.55
2015-01-18,210.59,222.0,195.02,211.33,18446.0451782,211.33
2015-01-19,217.53,220.94,207.7,217.9,12773.52750069,217.9
2015-01-20,210.74,218.69,201.98,212.15,14264.39672023,212.15
2015-01-21,224.23,228.37,205.0,224.23,22058.93414655,224.23
2015-01-22,232.43,239.0,224.0,232.85,26615.64881749,232.85
2015-01-23,230.31,240.0,225.55,231.64,15196.56151187,231.64
2015-01-24,249.02,249.99,230.03,249.02,13639.38995709,249.02
2015-01-25,253.67,256.5,241.33,254.38,24742.51711209,254.38
2015-01-26,271.7,309.9,246.0,272.63,59881.16354191,272.63
2015-01-27,262.89,278.51,243.1,263.47,21378.98765226,263.47
2015-01-28,237.01,266.45,225.91,237.77,27343.26316529,237.77
2015-01-29,232.83,242.18,220.0,233.0,26341.97565492,233.0
2015-01-30,231.13,244.98,227.26,231.66,19962.76102563,231.66
2015-01-31,224.01,234.8,224.0,224.0,17198.81124349,224.0
2015-02-01,226.38,233.0,208.48,227.16,21286.17129402,227.16
2015-02-02,239.17,239.06,221.79,239.06,13353.25755656,239.06
2015-02-03,230.17,244.39,223.79,230.59,19503.44495952,230.59
2015-02-04,226.28,231.0,220.02,227.21,15317.11566135,227.21
2015-02-05,217.71,229.0,210.43,218.56,13109.82600982,218.56
2015-02-06,222.51,225.86,210.59,223.34,10171.82832927,223.34
2015-02-07,228.32,231.14,220.34,229.2,10535.33245242,229.2
2015-02-08,224.19,232.89,217.28,224.39,13626.9610699,224.39
2015-02-09,220.21,225.99,215.0,220.45,19552.80574817,220.45
2015-02-10,221.12,222.0,215.0,221.12,6870.11114958,221.12
2015-02-11,219.42,223.43,217.99,219.5,10693.04312309,219.5
2015-02-12,222.82,223.09,218.01,222.85,6650.59313918,222.85
2015-02-13,236.6,242.35,221.37,236.6,21725.59480607,236.6
2015-02-14,258.81,259.31,236.5,258.81,19076.36039705,258.81
2015-02-15,234.0,267.92,227.75,234.0,29869.0755623,234.0
2015-02-16,236.59,241.23,229.2,237.04,12378.49268162,237.04
2015-02-17,242.9,248.78,232.01,243.2,12729.6567952,243.2
2015-02-18,235.39,247.0,232.01,235.98,13198.1902489,235.98
2015-02-19,241.83,244.78,235.11,241.78,7942.64380697,241.78
2015-02-20,245.74,249.32,239.41,245.74,10167.41355707,245.74
2015-02-21,245.88,247.8,244.0,245.89,3040.50470803,245.89
2015-02-22,235.75,247.42,232.48,235.72,7750.9993501,235.72
2015-02-23,238.69,241.0,232.05,238.88,6326.04521305,238.88
2015-02-24,239.45,240.97,236.07,239.45,5157.09348497,239.45
2015-02-25,237.8,240.98,236.0,237.99,3697.65853028,237.99
2015-02-26,236.58,238.55,234.01,236.38,5549.0410482,236.38
2015-02-27,253.7,256.15,236.16,253.94,21937.7568956,253.94
2015-02-28,253.28,254.56,245.2,253.39,5681.02758543,253.39
2015-03-01,256.01,260.25,245.0,257.59,9131.54434169,257.59
2015-03-02,272.79,275.0,254.42,272.99,17036.59468822,272.99
2015-03-03,278.94,284.95,265.89,278.94,22435.30898979,278.94
2015-03-04,269.46,283.88,264.94,269.45,14247.71137488,269.45
2015-03-05,273.0,280.5,262.2,273.0,11279.69881028,273.0
2015-03-06,272.78,276.46,269.0,273.29,7167.25024213,273.29
2015-03-07,275.71,279.48,270.0,275.74,5599.87623784,275.74
2015-03-08,274.12,277.59,271.12,274.83,4519.81112053,274.83
2015-03-09,285.7,289.0,273.83,286.0,11854.90232574,286.0
2015-03-10,291.38,296.8,283.96,291.38,13030.0154149,291.38
2015-03-11,294.6,295.58,285.83,295.29,6521.86904484,295.29
2015-03-12,294.48,297.95,289.0,294.58,8319.42178831,294.58
2015-03-13,287.16,296.17,282.99,287.48,8972.70985456,287.48
2015-03-14,282.71,287.69,280.46,283.33,6113.84463488,283.33
2015-03-15,286.43,287.75,281.42,286.91,2415.32243575,286.91
2015-03-16,289.5,294.26,285.67,290.01,6449.29675733,290.01
2015-03-17,284.0,292.99,281.9,284.5,6342.65827198,284.5
2015-03-18,256.71,284.5,249.02,256.71,21064.28471928,256.71
2015-03-19,261.45,265.95,249.0,261.72,15747.66379126,261.72
2015-03-20,262.14,265.27,257.0,262.61,5671.16529654,262.61
2015-03-21,259.3,262.69,256.25,259.48,4618.50540877,259.48
2015-03-22,268.3,269.37,259.24,268.34,4844.46375669,268.34
2015-03-23,266.58,272.0,259.5,266.92,9767.88771587,266.92
2015-03-24,248.15,266.86,241.84,248.16,18425.79501604,248.16
2015-03-25,246.63,250.0,236.4,247.08,13465.16610475,247.08
2015-03-26,248.91,253.75,244.91,249.15,8516.27878112,249.15
2015-03-27,248.29,250.52,245.12,248.29,5686.47534872,248.29
2015-03-28,252.46,253.83,247.17,252.3,6106.8079366,252.3
2015-03-29,242.8,253.1,239.96,243.18,6666.40490004,243.18
2015-03-30,246.21,248.86,236.52,246.29,8570.25394194,246.29
2015-03-31,244.86,248.59,238.55,244.94,7921.89612758,244.94
2015-04-01,246.21,246.74,239.32,246.22,6278.18394268,246.22
2015-04-02,251.69,256.96,244.52,251.91,9809.19996007,251.91
2015-04-03,253.53,256.67,250.9,253.79,5101.97572097,253.79
2015-04-04,253.2,255.85,250.76,253.15,2908.70838331,253.15
2015-04-05,257.23,260.02,251.65,257.4,4794.31348847,257.4
2015-04-06,255.53,262.98,254.0,255.93,6808.79318189,255.93
2015-04-07,254.48,256.62,251.5,254.48,6142.16633808,254.48
2015-04-08,245.77,254.96,243.06,245.76,11536.95503257,245.76
2015-04-09,242.64,246.3,238.47,242.68,8087.39271925,242.68
2015-04-10,234.57,243.94,231.0,234.95,11384.67525188,234.95
2015-04-11,235.28,239.42,233.0,235.7,4237.1213552,235.7
2015-04-12,236.29,237.5,233.42,236.29,3193.93656652,236.29
2015-04-13,220.89,236.9,219.64,220.89,13246.84680813,220.89
2015-04-14,213.43,224.8,210.0,213.84,18029.92026245,213.84
2015-04-15,220.07,222.43,213.23,220.05,10034.7373863,220.05
2015-04-16,228.82,229.67,218.5,228.8,11412.15792588,228.8
2015-04-17,222.56,229.14,220.0,222.7,8219.13539015,222.7
2015-04-18,223.47,224.72,220.32,223.54,4847.9878022,223.54
2015-04-19,222.89,227.35,221.91,222.89,5856.88316548,222.89
2015-04-20,223.24,226.51,221.43,223.26,5834.92493971,223.26
2015-04-21,233.46,235.61,223.02,233.5,9407.7243688,233.5
2015-04-22,231.99,238.64,229.1,232.12,11033.8528833,232.12
2015-04-23,234.61,236.22,231.04,234.62,8665.01761001,234.62
2015-04-24,230.42,236.0,228.0,230.43,8269.70130893,230.43
2015-04-25,226.98,232.29,225.7,226.97,5576.85006911,226.97
2015-04-26,219.52,227.26,214.98,219.6,11236.93446,219.6
2015-04-27,229.56,229.9,217.52,229.84,12142.51230584,229.84
2015-04-28,224.65,229.93,221.45,224.68,10918.92706085,224.68
2015-04-29,226.13,226.99,221.81,226.17,8797.56551374,226.17
2015-04-30,235.79,240.0,224.6,236.0,12013.35865245,236.0
2015-05-01,234.12,239.23,232.57,234.26,6579.6126659,234.26
2015-05-02,234.67,234.79,229.87,234.66,4928.00809653,234.66
2015-05-03,238.95,242.25,232.31,238.99,4460.75475343,238.99
2015-05-04,237.06,242.2,236.07,237.05,6885.71790093,237.05
2015-05-05,234.71,238.99,229.66,234.9,9005.89120663,234.9
2015-05-06,229.22,235.98,227.1,229.8,8223.26434312,229.8
2015-05-07,238.01,240.0,227.01,238.04,11233.45011893,238.04
2015-05-08,243.63,246.57,235.29,243.59,9764.55239456,243.59
2015-05-09,242.39,247.01,238.62,242.55,5581.00914925,242.55
2015-05-10,239.11,244.99,238.02,240.1,3584.69231372,240.1
2015-05-11,240.92,244.51,237.99,240.92,9152.26647804,240.92
2015-05-12,241.25,242.0,237.54,241.68,8727.8314694,241.68
2015-05-13,235.75,244.14,235.68,235.75,7888.16790692,235.75
2015-05-14,236.42,239.7,232.22,236.68,9089.7092134,236.68
2015-05-15,237.23,239.28,236.05,237.39,4303.6540788,237.39
2015-05-17,235.51,237.0,234.15,235.73,2566.24842558,235.73
2015-05-18,232.22,236.94,231.44,232.37,7204.78998299,232.37
2015-05-19,232.35,234.24,230.86,232.38,5714.56069896,232.38
2015-05-20,233.53,234.86,231.0,233.54,7644.62708875,233.54
2015-05-21,235.26,236.52,233.01,235.21,4844.59253527,235.21
2015-05-22,237.83,240.9,232.92,238.1,10277.28849179,238.1
2015-05-23,238.22,240.67,237.4,238.2,3456.98682048,238.2
2015-05-25,235.38,240.67,233.1,235.56,5502.84601319,235.56
2015-05-26,235.9,237.96,234.0,236.0,8162.3656012,236.0
2015-05-27,234.97,237.35,234.0,234.99,8874.42901868,234.99
2015-05-28,236.57,236.79,234.87,236.57,5047.11303401,236.57
2015-05-29,235.52,236.8,234.0,235.78,6278.85109123,235.78
2015-05-30,231.56,236.21,231.0,231.83,4382.00935297,231.83
2015-05-31,230.16,232.51,229.99,230.36,3861.36098068,230.36
2015-06-01,221.35,231.2,220.65,221.46,12045.05852108,221.46
2015-06-02,224.95,226.38,221.34,225.2,8338.69022974,225.2
2015-06-03,225.33,226.99,222.57,225.33,5614.75967242,225.33
2015-06-04,223.9,225.98,222.74,223.92,4653.1142349,223.92
2015-06-05,224.86,225.9,219.03,224.99,8579.74351374,224.99
2015-06-06,224.38,225.26,223.07,224.49,2800.00895428,224.49
2015-06-07,222.29,225.48,221.86,222.08,3543.47475127,222.08
2015-06-08,228.14,229.4,222.09,228.14,8674.80247514,228.14
2015-06-09,229.78,230.79,226.67,229.88,9033.20796738,229.88
2015-06-10,228.1,229.88,226.83,228.0,6340.00184472,228.0
2015-06-11,228.72,229.57,226.95,228.88,5036.76596906,228.88
2015-06-12,229.7,230.7,228.01,229.84,5847.64329542,229.84
2015-06-13,231.76,232.02,228.06,232.0,4073.3625864,232.0
2015-06-14,231.45,234.0,230.94,231.45,3587.50627611,231.45
2015-06-15,236.0,237.09,231.0,236.0,10066.78615004,236.0
2015-06-16,245.6,252.05,234.35,245.6,17010.36015264,245.6
2015-06-17,246.66,257.39,244.97,246.75,17580.75022671,246.75
2015-06-18,247.03,251.58,240.0,247.03,11591.3032729,247.03
2015-06-19,245.85,249.93,244.15,245.85,6028.72718898,245.85
2015-06-20,244.4,245.95,239.93,244.5,5298.11552768,244.5
2015-06-21,243.05,245.0,241.06,243.05,2144.76826481,243.05
2015-06-22,247.19,247.99,242.64,247.2,4930.80458017,247.2
2015-06-23,244.21,247.67,242.14,244.59,4868.32864617,244.59
2015-06-24,240.59,244.59,238.2,240.75,6852.48806607,240.75
2015-06-25,241.23,242.9,239.18,241.2,4965.00959955,241.2
2015-06-26,242.34,242.5,240.0,242.5,4751.56897282,242.5
2015-06-27,250.76,250.99,242.26,250.71,6713.61085316,250.71
2015-06-28,248.33,252.0,247.04,248.34,7036.76341851,248.34
2015-06-29,254.78,256.94,248.04,254.78,14873.58008077,254.78
2015-06-30,263.21,268.0,254.22,263.2,20256.7212914,263.2
2015-07-01,258.4,265.25,253.81,258.4,13159.68799898,258.4
2015-07-02,254.42,260.77,253.19,254.5,10317.84040374,254.5
2015-07-03,255.77,256.44,252.4,256.02,8862.13581379,256.02
2015-07-04,260.99,261.0,254.05,261.0,7599.63201933,261.0
2015-07-05,270.38,274.74,258.75,270.78,20479.61309928,270.78
2015-07-06,274.84,278.54,267.13,274.85,20061.59366724,274.85
2015-07-07,265.38,274.85,264.01,265.52,14258.78393411,265.52
2015-07-08,266.65,273.24,263.01,266.66,16549.92911579,266.66
2015-07-09,269.83,271.98,265.92,269.83,14093.2953132,269.83
2015-07-10,285.77,294.71,268.63,285.77,28344.72651077,285.77
2015-07-11,292.21,298.05,283.85,292.31,12272.35741733,292.31
2015-07-12,307.92,317.99,291.64,307.97,21752.1788212,307.97
2015-07-13,292.38,311.64,281.0,292.22,30704.92974397,292.22
2015-07-14,289.19,297.13,286.02,289.15,9742.3141773,289.15
2015-07-15,290.68,293.7,287.15,290.86,7793.51818832,290.86
2015-07-16,280.01,292.4,274.92,280.0,22721.51179368,280.0
2015-07-17,278.44,280.73,272.31,279.0,12677.15704057,279.0
2015-07-18,276.78,283.0,276.76,276.79,9541.62349999,276.79
2015-07-19,275.18,278.1,275.18,275.36,4827.3706795,275.36
2015-07-20,277.66,279.16,274.62,277.79,8958.92112453,277.79
2015-07-21,278.97,281.07,277.38,278.96,7613.2605551,278.96
2015-07-22,276.12,278.99,275.0,276.37,9504.57033952,276.37
2015-07-23,276.5,278.55,275.5,276.64,7711.17029869,276.64
2015-07-24,289.03,289.7,275.9,289.43,14959.39538016,289.43
2015-07-25,288.08,292.0,286.5,288.27,8219.01409036,288.27
2015-07-26,292.66,294.0,287.36,292.72,5289.61113422,292.72
2015-07-27,296.27,297.28,286.43,296.25,13844.49812483,296.25
2015-07-28,293.88,297.44,292.19,294.2,9983.61541049,294.2
2015-07-29,291.16,294.69,287.27,291.26,9952.49007242,291.26
2015-07-30,287.12,291.32,284.53,287.34,8318.65885003,287.34
2015-07-31,284.49,289.0,281.8,284.66,7899.7286527,284.66
2015-08-01,280.19,285.16,276.66,280.57,7232.64930328,280.57
2015-08-02,281.35,282.0,276.57,281.33,4302.27401717,281.33
2015-08-03,283.5,285.8,279.52,283.5,6267.56385366,283.5
2015-08-04,285.34,285.88,280.26,285.35,6366.66906345,285.35
2015-08-05,281.87,285.86,280.63,281.99,6536.73945091,281.99
2015-08-06,277.5,281.99,276.8,277.61,6857.40022844,277.61
2015-08-07,279.32,280.43,274.19,279.54,8996.85118851,279.54
2015-08-08,266.81,279.97,266.8,267.04,8880.01438774,267.04
2015-08-09,264.54,268.95,260.41,264.66,10052.88537958,264.66
2015-08-10,264.0,266.79,261.6,264.19,9571.44436729,264.19
2015-08-11,268.86,268.99,263.07,268.86,8022.93245922,268.86
2015-08-12,269.6,271.5,265.71,270.13,9592.52278737,270.13
2015-08-13,264.73,270.41,262.32,264.99,11313.42204357,264.99
2015-08-14,266.28,266.99,262.0,266.45,8181.87166202,266.45
2015-08-15,262.44,266.5,262.5,262.56,4567.31959262,262.56
2015-08-16,256.67,263.06,254.01,256.98,10359.09754102,256.98
2015-08-17,256.2,259.12,254.63,256.21,8624.37261519,256.21
2015-08-18,251.34,256.99,247.0,251.88,10537.85491112,251.88
2015-08-19,224.5,251.88,221.11,225.47,29222.47472594,225.47
2015-08-20,235.72,236.66,223.0,236.23,15742.35133914,236.23
2015-08-21,233.05,236.66,231.77,233.21,10040.42383395,233.21
2015-08-22,230.27,235.2,223.01,230.57,16939.77875383,230.57
2015-08-23,227.42,234.03,225.85,228.01,12625.85926468,228.01
2015-08-24,209.11,228.99,207.73,209.63,34433.55938346,209.63
2015-08-25,221.36,228.04,198.12,221.71,43449.15997443,221.71
2015-08-26,225.92,231.09,219.77,226.09,25454.54629009,226.09
2015-08-27,227.02,228.89,223.17,227.01,14159.72045306,227.01
2015-08-28,233.25,235.93,220.29,233.25,23315.37622881,233.25
2015-08-29,228.24,233.9,226.67,228.73,14873.72801387,228.73
2015-08-30,226.8,232.75,225.04,226.97,16680.91021647,226.97
2015-08-31,230.24,232.49,224.39,230.4,15589.03800718,230.4
2015-09-01,227.16,231.67,226.17,227.25,23896.45324347,227.25
2015-09-02,228.85,230.77,226.0,229.38,21576.98016147,229.38
2015-09-03,226.95,229.96,226.5,227.11,19693.45308583,227.11
2015-09-04,230.78,231.4,226.33,230.77,20956.78231747,230.77
2015-09-05,235.29,237.22,229.23,235.55,19713.36010012,235.55
2015-09-06,241.22,244.2,235.02,241.24,26012.93282574,241.24
2015-09-07,241.16,242.91,238.44,241.22,22997.89436653,241.22
2015-09-08,243.87,246.24,239.89,243.99,24417.09010602,243.99
2015-09-09,238.48,244.22,237.01,238.48,22858.50128757,238.48
2015-09-10,238.72,241.65,234.78,238.87,20995.10758852,238.87
2015-09-11,239.44,240.94,237.5,239.95,13548.57737958,239.95
2015-09-12,235.67,240.02,233.02,235.83,16951.20281333,235.83
2015-09-13,228.9,236.15,228.0,228.99,16838.07737181,228.99
2015-09-14,230.9,232.92,223.99,230.91,19691.3283305,230.91
2015-09-15,229.04,231.21,226.5,229.14,17520.35194677,229.14
2015-09-16,227.68,230.5,223.0,227.99,18568.2412912,227.99
2015-09-17,232.51,235.0,227.0,232.6,14677.17710931,232.6
2015-09-18,232.9,234.4,230.83,232.88,17756.57598811,232.88
2015-09-19,230.49,233.8,229.98,230.5,12696.7022794,230.5
2015-09-20,229.6,231.7,229.01,229.6,13225.28140873,229.6
2015-09-21,226.14,230.44,225.0,226.04,13599.72766166,226.04
2015-09-22,229.34,231.96,223.12,229.44,19883.97513367,229.44
2015-09-23,229.03,231.5,228.0,229.79,13634.04499499,229.79
2015-09-24,233.62,235.52,228.53,233.73,23736.79018014,233.73
2015-09-25,234.23,237.25,232.0,234.39,23241.09640068,234.39
2015-09-26,234.61,235.67,233.0,234.61,15041.69461605,234.61
2015-09-27,232.02,234.67,231.16,232.56,17442.0192351,232.56
2015-09-28,238.62,239.68,231.58,238.85,16909.87786196,238.85
2015-09-29,236.69,240.56,235.09,236.72,20184.25136089,236.72
2015-09-30,236.38,238.27,234.67,236.84,21200.91624286,236.84
2015-10-01,237.5,239.44,235.01,237.5,20092.71666021,237.5
2015-10-02,237.51,239.06,235.0,237.32,17251.75131072,237.32
2015-10-03,238.93,239.86,236.3,239.66,18065.29995471,239.66
2015-10-04,237.82,239.98,237.75,238.4,14889.0549931,238.4
2015-10-05,240.23,240.25,236.1,240.25,19166.56468976,240.25
2015-10-06,245.43,248.19,239.52,246.09,27517.60019561,246.09
2015-10-07,243.57,247.65,242.3,243.57,23000.74901265,243.57
2015-10-08,243.04,244.76,242.06,243.19,14743.18527565,243.19
2015-10-09,244.03,244.95,242.16,244.03,14346.42372247,244.03
2015-10-10,245.73,246.43,243.0,245.73,17345.74100141,245.73
2015-10-11,247.34,248.46,244.53,247.21,12003.94884306,247.21
2015-10-12,245.78,248.5,245.01,245.78,17082.47157692,245.78
2015-10-13,248.7,250.89,242.82,248.99,26382.362859,248.99
2015-10-14,253.39,255.93,248.06,253.82,26927.0482396,253.82
2015-10-15,253.72,256.5,250.3,254.43,22212.88749119,254.43
2015-10-16,260.93,267.0,253.6,261.5,31586.92804296,261.5
2015-10-17,267.46,273.0,259.73,268.1,27371.15723744,268.1
2015-10-18,261.43,271.17,260.0,262.0,10929.56638749,262.0
2015-10-19,263.28,266.01,259.82,263.28,15946.35945626,263.28
2015-10-20,268.33,272.95,262.67,268.34,28055.71032466,268.34
2015-10-21,268.36,272.69,264.0,268.36,22473.26559242,268.36
2015-10-22,274.3,280.04,267.26,274.31,25561.28927674,274.31
2015-10-23,276.38,280.19,273.46,277.09,25660.42177043,277.09
2015-10-24,279.41,281.6,276.26,279.99,19110.4462763,279.99
2015-10-25,287.52,296.0,279.17,287.5,30137.76284561,287.5
2015-10-26,286.33,288.83,279.25,286.48,21808.34165464,286.48
2015-10-27,297.24,300.0,285.09,297.34,33034.7548956,297.34
2015-10-28,302.41,308.48,291.0,302.71,32400.38633505,302.71
2015-10-29,313.85,319.6,301.7,314.63,31698.8453267,314.63
2015-10-30,325.27,334.05,313.0,325.27,38536.3401551,325.27
2015-10-31,308.81,334.67,302.99,309.09,29718.0076443,309.09
2015-11-01,326.18,329.85,303.01,326.43,14221.50600541,326.43
2015-11-02,363.01,368.74,320.0,363.0,41874.68290541,363.0
2015-11-03,401.86,420.77,359.31,401.86,76438.14787878,401.86
2015-11-04,397.0,502.0,368.11,397.0,105066.2378149,397.0
2015-11-05,389.66,448.79,364.37,391.47,64194.20369534,391.47
2015-11-06,374.01,396.67,353.26,374.3,47849.15628068,374.3
2015-11-07,386.5,392.82,369.01,386.98,26862.28040579,386.98
2015-11-08,373.44,390.47,366.18,373.44,27042.06887912,373.44
2015-11-09,380.39,386.79,360.54,380.83,25442.75105022,380.83
2015-11-10,332.95,381.74,323.63,332.95,47376.79023855,332.95
2015-11-11,302.7,341.41,294.0,303.5,52771.95093005,303.5
2015-11-12,331.41,344.78,298.0,331.95,36738.16169284,331.95
2015-11-13,338.79,342.0,325.0,338.37,24644.51802757,338.37
2015-11-14,337.54,356.1,328.0,337.54,23337.47760778,337.54
2015-11-15,318.79,339.1,314.6,320.29,31413.56697987,320.29
2015-11-16,328.54,332.2,315.0,328.53,20085.21084351,328.53
2015-11-17,337.64,350.44,327.55,337.61,29698.3009735,337.61
2015-11-18,335.6,337.89,330.28,335.6,27623.47109489,335.6
2015-11-19,326.9,337.09,325.88,327.79,26432.17627049,327.79
2015-11-20,320.83,327.8,310.0,320.93,22144.08854613,320.93
2015-11-22,323.48,326.6,320.13,323.49,4110.25103178,323.49
2015-11-23,322.99,326.09,320.39,323.01,5139.69387827,323.01
2015-11-24,319.13,323.5,317.0,319.81,8500.73923814,319.81
2015-11-25,327.27,330.84,316.0,327.85,12515.70504489,327.85
2015-11-26,351.04,369.7,327.28,351.03,34780.16942707,351.03
2015-11-27,359.2,364.8,347.84,359.43,13990.60006629,359.43
2015-11-28,354.66,360.49,350.41,355.21,6519.38154496,355.21
2015-11-29,372.22,372.78,354.45,372.23,7481.75529569,372.23
2015-11-30,378.33,383.0,367.11,378.57,18081.29568855,378.57
2015-12-01,363.0,379.0,354.56,363.0,15926.25708427,363.0
2015-12-02,359.35,363.17,348.64,359.92,11923.97085698,359.92
2015-12-03,361.35,370.53,356.21,361.35,12599.77780106,361.35
2015-12-04,362.43,364.3,355.92,362.41,9844.59143082,362.41
2015-12-05,388.9,389.89,361.14,388.11,15399.73753162,388.11
2015-12-06,391.44,399.85,380.74,392.44,15704.51367317,392.44
2015-12-07,395.66,399.91,381.01,395.98,14840.53658877,395.98
2015-12-08,395.59,397.99,388.33,395.54,8086.27438062,395.54
2015-12-09,416.9,424.95,395.14,417.23,24734.45875291,417.23
2015-12-10,416.06,419.79,408.91,416.18,8596.35355461,416.18
2015-12-11,449.06,454.36,415.13,449.17,27876.84618142,449.17
2015-12-12,434.1,467.8,403.0,434.1,30496.37154407,434.1
2015-12-13,434.8,442.97,422.03,434.3,11727.27604268,434.3
2015-12-14,441.42,448.12,428.42,442.67,13716.75080559,442.67
2015-12-15,461.81,464.99,440.72,462.5,17590.15464299,462.5
2015-12-16,454.08,465.0,436.89,454.06,24059.44148613,454.06
2015-12-17,455.0,458.84,448.75,454.86,6676.27980676,454.86
2015-12-18,463.0,466.64,453.5,463.0,12733.45781153,463.0
2015-12-19,460.75,465.9,452.03,461.34,6981.52906164,461.34
2015-12-20,442.18,462.0,433.83,442.18,16661.88034146,442.18
2015-12-21,434.14,450.0,425.52,435.16,18644.64341507,435.16
2015-12-22,435.24,443.58,433.06,435.24,8360.3790414,435.24
2015-12-23,442.07,445.52,434.43,442.7,7063.45986706,442.7
2015-12-24,455.02,459.54,442.09,455.12,10298.73620455,455.12
2015-12-25,455.61,458.33,448.0,456.23,2920.48175105,456.23
2015-12-26,415.74,457.45,407.25,415.74,26269.12468305,415.74
2015-12-27,424.02,425.42,410.5,424.79,7200.09137721,424.79
2015-12-28,420.85,429.86,417.01,421.44,7427.06343119,421.44
2015-12-29,428.54,433.17,418.55,427.93,10337.46228127,427.93
2015-12-30,427.06,434.97,420.75,428.0,8004.12757355,428.0
2015-12-31,430.45,433.89,419.99,431.26,6665.04862313,431.26
2016-01-01,433.32,436.0,427.2,433.55,3802.90026415,433.55
2016-01-02,432.89,435.99,430.42,433.54,2971.48759381,433.54
2016-01-03,428.25,434.17,424.06,428.62,4528.01997177,428.62
2016-01-04,435.0,435.86,428.42,435.0,5656.97442984,435.0
2016-01-05,432.15,435.5,429.5,432.55,3971.56267541,432.55
2016-01-06,431.59,432.67,426.54,431.6,5299.74387643,431.6
2016-01-07,454.74,457.14,429.11,455.76,15982.39472901,455.76
2016-01-08,453.39,465.0,444.51,453.7,11272.24472846,453.7
2016-01-09,450.6,454.0,446.68,451.05,4413.86389162,451.05
2016-01-10,446.88,450.89,440.8,446.76,4069.32027415,446.76
2016-01-11,448.02,451.13,438.0,448.59,7906.62750051,448.59
2016-01-12,445.66,449.0,442.88,446.61,4239.01240287,446.61
2016-01-13,432.85,446.97,424.5,433.09,12816.43550355,433.09
2016-01-14,429.84,434.0,427.0,429.94,4417.84801304,429.94
2016-01-15,360.02,429.8,360.0,360.0,37318.73872845,360.0
2016-01-16,387.28,392.07,352.0,387.28,25023.83237925,387.28
2016-01-17,379.5,391.14,376.0,380.16,8418.65363509,380.16
2016-01-18,385.47,388.5,373.63,385.49,7015.54403737,385.49
2016-01-19,376.73,386.92,375.59,376.76,7223.00324232,376.76
2016-01-20,418.45,422.98,372.53,416.32,25180.78241948,416.32
2016-01-21,409.42,421.25,404.59,409.59,9414.55707194,409.59
2016-01-22,382.56,410.07,374.45,382.63,14742.8419172,382.63
2016-01-23,385.12,395.0,381.05,386.4,7664.89092787,386.4
2016-01-24,402.16,405.97,385.36,402.16,5448.8452132,402.16
2016-01-25,390.01,402.31,385.5,390.9,8040.83085608,390.9
2016-01-26,391.66,397.7,386.2,391.77,6589.15355022,391.77
2016-01-27,394.31,397.0,390.31,394.95,4262.62933663,394.95
2016-01-28,378.64,395.56,376.0,379.75,11414.04549852,379.75
2016-01-29,377.54,383.99,363.73,378.22,13544.14541999,378.22
2016-01-30,375.85,380.42,372.95,375.64,2587.10717327,375.64
2016-01-31,367.0,379.3,364.7,368.49,4166.66582034,368.49
2016-02-01,371.69,378.2,366.53,371.81,7255.13421769,371.81
2016-02-02,372.67,375.0,369.73,373.05,5719.11332356,373.05
2016-02-03,368.4,374.0,365.0,368.38,7107.78660836,368.38
2016-02-04,387.83,391.88,367.95,387.82,13446.47968297,387.82
2016-02-05,384.34,389.5,382.99,385.0,7372.61395629,385.0
2016-02-06,375.39,384.98,371.35,375.39,5735.69706556,375.39
2016-02-07,374.58,380.0,373.04,375.0,2885.48241846,375.0
2016-02-08,370.92,378.99,369.99,370.91,6943.10816682,370.91
2016-02-09,372.62,377.0,369.12,373.22,5779.60735622,373.22
2016-02-10,378.88,383.85,372.12,379.66,10006.63329253,379.66
2016-02-11,377.8,380.5,373.54,377.98,7471.96039009,377.98
2016-02-12,382.66,383.48,377.07,383.27,5996.09236146,383.27
2016-02-13,390.95,390.99,382.0,390.99,7324.96634134,390.99
2016-02-14,405.0,406.71,390.59,405.0,9758.39271132,405.0
2016-02-15,398.34,409.71,393.4,399.28,7906.69773619,399.28
2016-02-16,406.96,407.8,396.0,407.51,8354.83032093,407.51
2016-02-17,415.03,421.11,404.0,414.9,11842.63082874,414.9
2016-02-18,420.47,424.9,413.4,421.18,8589.07368864,421.18
2016-02-19,419.53,422.0,414.0,419.54,5015.53810237,419.54
2016-02-20,432.68,443.96,419.5,434.63,11631.86392251,434.63
2016-02-21,438.0,447.99,426.0,438.5,10300.7594242,438.5
2016-02-22,436.84,439.5,431.15,438.27,5840.3160546,438.27
2016-02-23,419.0,440.0,414.0,419.1,10509.60507822,419.1
2016-02-24,423.78,424.28,409.07,423.78,7258.35730294,423.78
2016-02-25,423.39,426.75,415.79,423.51,5597.96719924,423.51
2016-02-26,431.39,432.0,418.01,432.0,4635.1202274,432.0
2016-02-27,431.07,435.0,428.22,431.07,4159.44591017,431.07
2016-02-28,430.26,435.0,422.29,431.68,3501.18941279,431.68
2016-02-29,435.25,440.99,428.12,435.23,8463.34883153,435.23
2016-03-01,432.43,437.5,427.01,432.5,6941.51621427,432.5
2016-03-02,422.3,434.5,421.31,422.4,5788.40511598,422.4
2016-03-03,419.63,424.47,415.85,420.29,7483.49181156,420.29
2016-03-04,407.54,423.9,406.02,408.01,7789.00370914,408.01
2016-03-05,398.55,408.98,382.0,399.83,16436.40386167,399.83
2016-03-06,405.03,412.31,393.11,406.23,5692.00930852,406.23
2016-03-07,412.84,414.96,403.03,414.01,5937.73379583,414.01
2016-03-08,411.75,414.99,408.46,411.75,5576.2582036,411.75
2016-03-09,412.52,413.51,408.75,413.0,4876.78893016,413.0
2016-03-10,415.9,416.9,409.31,416.0,5255.299453,416.0
2016-03-11,419.14,421.91,415.11,419.13,5950.69494053,419.13
2016-03-12,409.71,420.93,406.59,410.41,4600.53852943,410.41
2016-03-13,412.06,417.0,409.62,412.58,3237.5863046,412.58
2016-03-14,413.8,415.22,410.5,414.0,4265.90491838,414.0
2016-03-15,415.23,417.43,412.15,415.75,4719.92306184,415.75
2016-03-16,416.0,416.5,413.15,416.0,4243.46710229,416.0
2016-03-17,418.34,419.0,415.11,418.46,3764.3877166,418.46
2016-03-18,406.6,418.49,403.34,407.48,6253.64507634,407.48
2016-03-19,406.12,409.95,404.1,406.7,2900.09722,406.7
2016-03-20,410.5,412.0,406.3,411.08,2601.98301393,411.08
2016-03-21,410.61,411.96,406.5,410.98,3552.7779858,410.98
2016-03-22,415.82,416.99,409.9,416.16,3927.53266839,416.16
2016-03-23,417.25,419.0,413.44,417.85,4912.9896997,417.85
2016-03-24,415.17,418.38,412.85,415.48,2888.42157304,415.48
2016-03-25,416.03,416.92,412.0,416.03,2568.5036141,416.03
2016-03-26,415.75,416.99,414.0,415.75,1301.06724629,415.75
2016-03-27,423.9,427.99,415.77,424.16,5007.35788626,424.16
2016-03-28,422.45,425.0,420.32,422.95,3235.75353917,422.95
2016-03-29,415.0,424.37,407.22,415.0,5933.342408,415.0
2016-03-30,413.33,415.99,408.59,414.1,4818.07650898,414.1
2016-03-31,414.72,416.99,411.4,415.35,3738.93979317,415.35
2016-04-01,415.26,416.99,413.42,415.91,3792.36761489,415.91
2016-04-02,419.0,420.0,414.93,419.38,2121.64067901,419.38
2016-04-03,418.88,419.44,416.1,418.98,1321.30115941,418.98
2016-04-04,419.75,419.85,416.0,419.33,3481.95718993,419.33
2016-04-05,421.81,423.0,416.61,422.24,3946.46434022,422.24
2016-04-06,421.68,422.9,420.0,421.69,2388.33297175,421.69
2016-04-07,419.87,421.99,418.21,420.0,3056.61240623,420.0
2016-04-08,418.47,423.99,416.26,418.67,4703.92372259,418.67
2016-04-09,417.75,419.13,412.0,418.02,3638.84014679,418.02
2016-04-10,420.56,421.79,417.2,420.61,1757.76593354,420.61
2016-04-11,422.42,422.8,418.0,422.45,3524.94515463,422.45
2016-04-12,425.32,426.67,421.0,425.32,6078.02513946,425.32
2016-04-13,424.05,426.18,422.94,424.51,3802.73556181,424.51
2016-04-14,423.72,425.35,420.57,423.98,3991.49798921,423.98
2016-04-15,428.73,430.0,423.07,429.24,4397.02458613,429.24
2016-04-16,430.68,432.87,427.12,430.68,1834.88975103,430.68
2016-04-17,426.28,430.91,424.24,426.74,1521.30645702,426.74
2016-04-18,426.94,430.01,425.8,427.96,3186.57116129,427.96
2016-04-19,433.93,435.0,426.24,433.93,3541.11247303,433.93
2016-04-20,442.01,444.0,433.11,442.41,7636.2215118,442.41
2016-04-21,450.62,452.11,440.0,450.61,5564.4639033,450.61
2016-04-22,447.31,451.36,442.96,447.83,5525.96710073,447.83
2016-04-23,451.5,452.18,444.46,451.93,2249.84849225,451.93
2016-04-24,459.47,470.02,447.06,459.46,7032.85634075,459.46
2016-04-25,466.28,469.47,455.13,466.28,5601.8393498,466.28
2016-04-26,466.56,469.87,462.13,466.57,4755.16666998,466.57
2016-04-27,447.58,469.03,445.42,447.29,6645.10735538,447.29
2016-04-28,448.49,451.0,435.0,448.88,9019.12362561,448.88
2016-04-29,453.88,456.0,445.62,454.66,3060.09397925,454.66
2016-04-30,447.93,456.9,447.27,447.9,2388.37024601,447.9
2016-05-01,451.89,453.78,446.5,452.86,1286.70277974,452.86
2016-05-02,443.7,453.8,438.59,444.46,6073.07788255,444.46
2016-05-03,451.97,452.0,440.78,451.97,5889.39230191,451.97
2016-05-04,446.17,452.0,444.15,446.17,3267.3144414,446.17
2016-05-05,448.41,449.72,445.11,448.39,2287.21138993,448.39
2016-05-06,460.49,463.97,447.03,460.11,5763.74865226,460.11
2016-05-07,457.88,461.41,455.95,457.88,2116.35801154,457.88
2016-05-08,457.65,459.69,455.95,458.31,1311.60181764,458.31
2016-05-09,460.65,464.79,455.62,461.45,3535.556767,461.45
2016-05-10,450.4,463.0,447.38,450.94,5422.90056017,450.94
2016-05-11,452.11,457.99,449.7,452.04,3713.59137854,452.04
2016-05-12,454.7,454.75,448.88,454.7,3297.60978584,454.7
2016-05-13,455.73,456.65,452.04,456.04,2932.53675496,456.04
2016-05-14,455.68,457.25,453.51,456.34,1391.80362467,456.34
2016-05-15,457.52,458.08,454.72,457.94,1647.72153069,457.94
2016-05-16,454.65,458.0,451.11,454.92,3024.33917011,454.92
2016-05-17,452.32,456.09,452.14,452.14,3411.60840166,452.14
2016-05-18,452.87,455.68,452.0,452.87,2836.40344284,452.87
2016-05-19,441.31,453.85,441.05,441.97,5472.43667235,441.97
2016-05-20,441.07,444.41,435.03,441.58,3915.9244285,441.58
2016-05-21,442.89,443.98,435.28,443.88,1966.64671506,443.88
2016-05-22,437.31,443.89,435.0,438.62,2141.3896754,438.62
2016-05-23,442.41,442.9,436.27,442.63,2762.62605358,442.63
2016-05-24,444.67,446.37,441.0,445.31,3119.09768946,445.31
2016-05-25,448.18,449.6,443.97,447.94,3662.66101932,447.94
2016-05-26,451.78,452.98,446.8,452.02,3785.39991189,452.02
2016-05-27,470.52,478.16,451.78,470.34,12069.41332543,470.34
2016-05-28,522.43,529.08,468.0,524.89,12343.97438476,524.89
2016-05-29,509.99,540.0,485.0,509.99,8501.59326202,509.99
2016-05-30,524.25,535.0,506.51,524.25,6165.90938742,524.25
2016-05-31,532.68,548.5,515.0,534.69,11915.96742347,534.69
2016-06-01,536.87,542.87,525.49,537.0,5439.65117255,537.0
2016-06-02,539.15,540.0,529.13,539.96,4090.88632969,539.96
2016-06-03,567.3,578.37,535.74,567.22,8700.85430901,567.22
2016-06-04,571.38,588.71,558.54,573.08,6287.44011289,573.08
2016-06-05,572.24,582.0,566.0,572.25,5403.80366991,572.25
2016-06-06,582.86,586.02,570.59,583.97,4455.46288478,583.97
2016-06-07,575.48,594.44,563.0,576.39,6714.99485991,576.39
2016-06-08,582.77,584.25,571.86,583.43,3337.78068097,583.43
2016-06-09,575.85,583.81,572.97,575.69,3762.75713132,575.69
2016-06-10,576.5,580.0,572.0,576.59,3461.55487443,576.59
2016-06-11,587.13,587.23,575.93,587.21,2248.7007339,587.21
2016-06-12,679.96,682.55,585.51,679.96,15095.0484449,679.96
2016-06-13,700.16,725.0,655.02,701.56,18024.61909875,701.56
2016-06-14,683.0,704.57,655.0,684.7,10665.67237551,684.7
2016-06-15,692.2,695.77,672.12,693.35,5676.40650133,693.35
2016-06-16,771.71,773.07,689.8,771.3,17652.98643796,771.3
2016-06-17,743.51,778.7,706.37,744.0,14996.58292451,744.0
2016-06-18,752.72,778.85,723.02,752.72,5934.67916024,752.72
2016-06-19,760.5,764.93,740.11,761.46,2697.08620389,761.46
2016-06-20,732.0,763.99,725.0,732.01,7786.40894644,732.01
2016-06-21,653.45,736.15,625.0,654.64,32702.15884941,654.64
2016-06-22,600.48,677.63,595.0,601.0,15873.13085662,601.0
2016-06-23,624.6,632.67,540.17,625.0,24862.32278699,625.0
2016-06-24,657.12,683.88,620.82,658.57,16633.74768786,658.57
2016-06-25,666.02,684.45,639.4,667.48,6607.14566286,667.48
2016-06-26,625.07,666.02,608.64,625.87,5007.33414194,625.87
2016-06-27,647.27,653.46,618.03,647.76,9391.5062296,647.76
2016-06-28,646.55,665.51,635.5,646.55,5628.43851113,646.55
2016-06-29,633.32,646.69,621.09,635.0,8907.23654493,635.0
2016-06-30,667.0,671.22,628.06,667.0,7621.90506924,667.0
2016-07-01,678.0,684.1,659.71,679.11,6527.1764287,679.11
2016-07-02,700.11,704.93,672.74,700.07,5430.12928173,700.07
2016-07-03,662.69,704.99,646.29,662.7,7285.66870627,662.7
2016-07-04,677.35,682.35,640.1,678.65,4307.45208285,678.65
2016-07-05,666.13,682.36,661.57,668.81,3152.52423958,668.81
2016-07-06,674.67,679.0,662.13,674.68,3593.27432448,674.68
2016-07-07,634.21,678.43,605.5,634.21,12618.36403831,634.21
2016-07-08,659.22,661.0,633.53,659.87,6398.46196975,659.87
2016-07-09,650.25,665.99,626.0,651.56,6448.98580022,651.56
2016-07-10,647.0,652.6,636.8,647.0,2343.42614283,647.0
2016-07-11,646.15,659.6,639.31,647.22,2704.00533961,647.22
2016-07-12,672.94,678.0,646.05,674.98,4318.15457118,674.98
2016-07-13,658.99,675.0,654.52,660.94,6631.87697473,660.94
2016-07-14,659.12,664.93,650.01,660.0,2605.42242722,660.0
2016-07-15,663.04,670.01,658.41,663.04,3214.3798729,663.04
2016-07-16,661.0,666.67,655.0,662.45,1648.09889443,662.45
2016-07-17,676.03,684.19,660.34,676.09,3411.51439978,676.09
2016-07-18,674.32,682.21,666.12,674.32,3068.26996378,674.32
2016-07-19,673.02,675.81,666.0,673.45,1888.07465261,673.45
2016-07-20,665.18,675.0,660.0,666.77,3433.96389784,666.77
2016-07-21,662.48,668.0,660.1,662.48,2516.46952265,662.48
2016-07-22,646.23,666.3,645.0,646.8,4986.61603948,646.8
2016-07-23,654.06,656.77,645.11,654.06,1499.63582546,654.06
2016-07-24,659.5,665.0,651.99,659.5,1405.39995744,659.5
2016-07-25,655.0,661.99,652.28,656.1,2393.65255241,656.1
2016-07-26,653.74,656.94,645.01,653.63,3352.70506988,653.63
2016-07-27,654.01,659.98,646.31,654.3,2855.22391603,654.3
2016-07-28,653.95,657.89,652.41,655.37,1971.37945572,655.37
2016-07-29,654.99,657.48,653.0,657.03,1322.66154941,657.03
2016-07-30,653.07,657.5,652.19,653.07,707.22760423,653.07
2016-07-31,631.0,654.71,625.19,631.25,4180.52265697,631.25
2016-08-01,608.47,631.82,606.66,608.47,5622.32081233,608.47
2016-08-02,482.73,613.03,482.73,482.73,17135.03891532,482.73
2016-08-03,565.0,572.34,465.28,565.75,20733.85891707,565.75
2016-08-04,576.77,583.97,552.0,576.77,8644.32845819,576.77
2016-08-05,574.52,580.0,562.0,575.57,4925.7920928,575.57
2016-08-06,589.98,590.26,562.56,589.98,5958.06138906,589.98
2016-08-07,593.08,598.82,582.12,593.08,3043.02444567,593.08
2016-08-08,589.64,594.2,583.58,589.64,2896.81932148,589.64
2016-08-09,584.16,591.99,579.43,584.16,3411.21164126,584.16
2016-08-10,592.64,603.0,580.01,593.08,4914.97610418,593.08
2016-08-11,585.5,597.78,585.5,585.5,2851.23616453,585.5
2016-08-12,585.34,591.19,580.47,585.88,2168.42542899,585.88
2016-08-13,584.16,589.98,581.71,583.0,1014.4646274,583.0
2016-08-14,567.85,585.15,556.24,567.85,4803.89573054,567.85
2016-08-15,565.03,573.69,554.9,565.01,4536.67266127,565.01
2016-08-16,576.86,579.8,563.0,576.83,4783.25010418,576.83
2016-08-17,570.47,578.11,566.02,570.67,4147.27743107,570.67
2016-08-18,571.88,575.87,568.79,572.64,4034.28679191,572.64
2016-08-19,571.9,574.86,552.3,572.34,4672.14717775,572.34
2016-08-20,577.58,578.99,568.52,577.46,2013.78846383,577.46
2016-08-21,577.5,583.99,576.01,578.23,1588.27291846,578.23
2016-08-22,582.39,585.95,572.5,583.99,4992.43472384,583.99
2016-08-23,581.17,584.99,576.0,581.99,4277.86358636,581.99
2016-08-24,578.11,582.1,575.4,578.19,2972.54991458,578.19
2016-08-25,576.54,578.75,571.16,576.93,4210.54658365,576.93
2016-08-26,577.73,582.46,574.1,577.96,3299.37415947,577.96
2016-08-27,567.51,579.09,564.81,568.17,2749.84446314,568.17
2016-08-28,570.28,572.91,566.8,571.7,962.22947814,571.7
2016-08-29,570.34,575.0,568.6,571.48,2360.44831721,571.48
2016-08-30,575.31,576.5,568.55,575.8,4440.15568137,575.8
2016-08-31,570.66,576.49,568.4,570.76,3660.13835935,570.76
2016-09-01,570.0,572.86,566.86,570.95,3027.25719538,570.95
2016-09-02,570.75,574.2,567.03,572.0,2955.21326723,572.0
2016-09-03,594.83,598.64,569.01,595.22,4613.11260919,595.22
2016-09-04,601.94,609.05,590.88,603.66,4069.89545196,603.66
2016-09-05,603.53,607.65,592.46,603.5,3759.47315151,603.5
2016-09-06,607.6,609.74,601.0,608.72,4014.32198351,608.72
2016-09-07,613.88,615.92,604.7,613.9,4542.24061442,613.9
2016-09-08,625.38,628.98,611.66,625.39,4459.86825402,625.39
2016-09-09,621.08,627.49,612.93,621.09,3279.92000241,621.09
2016-09-10,622.2,625.0,618.67,622.2,1535.42863594,622.2
2016-09-11,602.85,628.99,594.63,603.46,5299.61468228,603.46
2016-09-12,605.87,609.15,602.0,605.81,3555.19678806,605.81
2016-09-13,607.9,609.61,603.28,607.9,3424.31618503,607.9
2016-09-14,608.66,610.69,605.98,608.61,2898.7573053,608.61
2016-09-15,605.01,609.35,602.3,605.03,3054.99957161,605.03
2016-09-16,606.02,608.99,603.5,606.02,2678.19313177,606.02
2016-09-17,603.12,607.59,601.1,603.12,1134.83483275,603.12
2016-09-18,607.21,609.06,601.97,607.19,1284.46213451,607.19
2016-09-19,607.8,609.5,603.0,607.81,2490.77788705,607.81
2016-09-20,605.59,608.88,605.35,607.3,2433.7220615,607.3
2016-09-21,595.04,607.3,592.1,595.04,3893.77908073,595.04
2016-09-22,594.12,596.42,592.5,595.0,2347.26231098,595.0
2016-09-23,601.36,602.9,593.0,602.54,4034.23716161,602.54
2016-09-24,600.03,603.59,597.76,600.14,1172.67430709,600.14
2016-09-25,597.4,601.99,596.0,597.43,1110.18528772,597.43
2016-09-26,605.01,607.27,596.1,605.86,4016.55358017,605.86
2016-09-27,603.02,608.37,600.02,603.08,3077.96054544,603.08
2016-09-28,603.65,605.3,601.41,603.65,2207.55541123,603.65
2016-09-29,604.65,605.99,601.0,605.64,2734.70085931,605.64
2016-09-30,607.9,608.38,603.15,608.37,2620.89748012,608.37
2016-10-01,613.0,614.28,607.0,613.0,1498.19031333,613.0
2016-10-02,607.6,613.01,605.0,608.59,1403.40243991,608.59
2016-10-03,610.06,611.59,606.6,610.06,1960.7753186,610.06
2016-10-04,606.57,612.98,604.99,606.55,3214.37874769,606.55
2016-10-05,609.79,612.0,605.76,609.79,2290.70138804,609.79
2016-10-06,609.6,610.98,607.09,610.34,2139.18110702,610.34
2016-10-07,614.01,616.34,607.52,614.01,4040.6780644,614.01
2016-10-08,613.44,616.99,612.5,613.5,913.92307258,613.5
2016-10-09,611.16,614.98,610.0,612.67,1178.43763735,612.67
2016-10-10,613.94,616.47,612.09,614.97,2217.05530019,614.97
2016-10-11,637.79,639.0,613.94,637.9,7958.99995559,637.9
2016-10-12,635.07,640.0,628.76,634.16,2870.29762169,634.16
2016-10-13,634.51,636.0,630.0,635.5,2360.44793912,635.5
2016-10-14,638.05,639.99,630.45,638.96,3156.35537669,638.96
2016-10-15,635.25,642.0,635.25,635.25,1426.8678492,635.25
2016-10-16,638.9,641.4,635.18,638.9,1299.15163702,638.9
2016-10-17,635.18,639.99,632.1,636.86,3690.02257869,636.86
2016-10-18,635.36,637.8,631.52,635.31,2969.98486317,635.31
2016-10-19,627.06,638.04,624.13,627.06,4474.80485066,627.06
2016-10-20,627.69,630.22,625.0,627.69,2065.98058928,627.69
2016-10-21,628.99,632.36,627.5,628.99,3034.97408259,628.99
2016-10-22,653.53,656.0,628.57,654.66,4351.65175657,654.66
2016-10-23,649.5,656.0,647.51,651.02,2532.83030406,651.02
2016-10-24,648.14,652.25,640.0,649.0,4645.26969949,649.0
2016-10-25,657.47,657.58,643.0,657.48,5647.59483571,657.48
2016-10-26,668.01,677.0,645.97,669.82,7031.77080144,669.82
2016-10-27,680.75,685.89,665.59,680.75,4476.68687131,680.75
2016-10-28,685.7,687.23,677.05,685.68,3776.85335086,685.68
2016-10-29,711.25,717.99,682.59,711.39,4067.61444547,711.39
2016-10-30,692.25,715.0,691.49,694.02,3703.4830575,694.02
2016-10-31,697.58,706.97,683.6,697.75,4694.1539818,697.75
2016-11-01,724.87,737.0,695.38,724.87,6541.0354882,724.87
2016-11-02,732.0,735.0,717.32,735.0,3979.15183787,735.0
2016-11-03,675.58,745.19,670.32,675.33,12186.64795904,675.33
2016-11-04,702.82,707.67,671.07,702.98,5448.02186616,702.98
2016-11-05,701.36,707.34,694.71,701.36,2131.10499008,701.36
2016-11-06,711.87,714.36,697.92,711.88,2263.39637276,711.88
2016-11-09,708.15,712.92,701.02,709.26,5519.52592661,709.26
2016-11-10,720.28,740.86,705.45,721.5,9730.35960613,721.5
2016-11-11,714.47,722.0,707.0,714.47,4991.75328376,714.47
2016-11-12,716.2,720.94,712.24,716.39,3328.60491824,716.39
2016-11-13,701.13,716.39,701.0,701.13,2813.63219795,701.13
2016-11-14,700.38,702.89,683.23,700.38,6023.54019291,700.38
2016-11-15,703.82,705.89,697.14,703.83,7606.72273472,703.83
2016-11-16,711.7,716.54,703.05,711.69,5626.77039042,711.69
2016-11-17,739.7,742.87,708.44,739.71,11589.53448875,739.71
2016-11-18,735.5,749.98,732.22,736.8,6676.92813838,736.8
2016-11-19,748.02,752.95,731.31,748.98,4270.87817306,748.98
2016-11-20,750.02,755.07,742.63,750.75,1965.43652251,750.75
2016-11-21,727.03,753.82,714.0,727.03,5530.20909974,727.03
2016-11-22,736.76,739.2,727.08,736.76,4013.32813602,736.76
2016-11-23,747.64,750.0,730.27,749.13,5039.70408511,749.13
2016-11-24,740.17,749.98,729.92,740.18,4457.87834896,740.18
2016-11-25,735.63,741.15,729.0,735.63,4041.96351727,735.63
2016-11-26,736.96,737.07,728.0,736.96,3354.14113889,736.96
2016-11-27,729.91,737.56,722.3,729.91,2314.27671644,729.91
2016-11-28,726.16,732.0,722.44,727.32,3447.86947559,727.32
2016-11-29,729.53,732.44,724.1,729.54,4741.09119229,729.54
2016-11-30,730.03,733.29,721.0,730.76,5406.90035323,730.76
2016-12-01,742.05,744.49,727.0,742.06,6255.06189749,742.06
2016-12-02,751.54,754.98,740.18,751.55,6119.74848499,751.55
2016-12-03,770.04,778.07,750.77,769.99,8097.88532493,769.99
2016-12-04,760.86,770.99,752.41,762.97,2772.72364771,762.97
2016-12-05,761.98,762.96,752.41,762.0,3215.64241818,762.0
2016-12-06,749.5,762.09,743.0,749.5,5575.64780991,749.5
2016-12-07,758.97,759.9,747.99,758.97,6755.86183697,758.97
2016-12-08,764.05,769.61,751.78,764.05,4809.70243098,764.05
2016-12-09,766.29,772.01,762.29,766.84,4892.92633491,766.84
2016-12-10,769.21,773.99,766.29,769.57,2868.41656863,769.57
2016-12-11,772.27,774.12,768.11,772.28,2200.70812765,772.28
2016-12-12,768.19,772.28,764.01,768.97,1421.13041748,768.97
2016-12-13,777.0,779.0,768.96,776.9,2805.19133166,776.9
2016-12-14,775.01,793.27,765.1,775.35,4918.81400706,775.35
2016-12-15,777.04,781.0,770.74,777.09,2333.53127543,777.09
2016-12-16,774.64,779.08,771.0,776.3,3039.73554433,776.3
2016-12-17,781.31,782.46,771.24,781.31,3494.25575562,781.31
2016-12-18,788.29,790.88,780.36,788.52,2389.76188083,788.52
2016-12-19,788.34,790.99,780.0,788.67,2519.24374939,788.67
2016-12-20,791.0,794.39,787.01,791.0,3917.87027522,791.0
2016-12-21,798.74,803.0,787.1,798.83,4119.55450463,798.83
2016-12-22,832.04,834.97,796.82,832.75,9390.50396102,832.75
2016-12-23,858.95,875.0,827.29,858.94,12070.3884869,858.94
2016-12-24,913.99,920.0,858.93,914.5,16530.6324981,914.5
2016-12-25,892.6,918.5,878.89,892.61,6021.77416098,892.61
2016-12-26,889.74,894.97,859.0,890.67,4658.23642176,890.67
2016-12-27,896.34,905.18,888.0,897.0,3469.43422755,897.0
2016-12-28,930.29,936.42,891.0,930.34,7220.77311731,930.34
2016-12-29,976.49,976.96,929.49,976.96,12297.0091327,976.96
2016-12-30,969.56,980.74,950.0,969.99,7842.58845824,969.99
2016-12-31,958.81,970.0,931.0,959.54,10754.96268559,959.54
2017-01-01,966.34,966.37,944.11,966.3,4162.84975343,966.3
2017-01-02,996.75,1005.0,960.53,997.8,6853.23392301,997.8
2017-01-03,1011.51,1032.0,990.01,1011.51,8165.11322354,1011.51
2017-01-04,1035.57,1039.0,999.99,1035.74,9090.09521751,1035.74
2017-01-05,1109.52,1139.89,1028.56,1114.0,21579.92925779,1114.0
2017-01-06,1004.73,1136.72,885.41,1004.74,36002.19322598,1004.74
2017-01-07,895.5,1026.99,871.0,895.5,27916.07095523,895.5
2017-01-08,903.95,907.05,812.28,906.2,20400.76359103,906.2
2017-01-09,909.81,941.81,881.3,909.8,8937.51993066,909.8
2017-01-10,894.91,912.87,875.0,896.09,8716.19817474,896.09
2017-01-11,903.42,912.47,889.41,904.08,8535.59023149,904.08
2017-01-12,777.57,918.4,755.0,778.62,35894.11473651,778.62
2017-01-13,805.66,832.99,751.34,807.47,17400.14155465,807.47
2017-01-14,825.96,831.4,775.0,825.86,11409.48533002,825.86
2017-01-15,819.16,837.76,810.0,819.15,6622.72387278,819.15
2017-01-16,821.86,823.45,808.0,821.86,4223.47902233,821.86
2017-01-17,830.43,835.0,818.09,831.76,6167.01551601,831.76
2017-01-18,905.5,908.5,827.0,906.94,12265.00354099,906.94
2017-01-19,886.68,915.99,851.74,887.69,11181.27873935,887.69
2017-01-20,901.08,910.0,878.89,902.23,11097.13835679,902.23
2017-01-21,895.65,902.43,880.0,895.85,6617.7306711,895.85
2017-01-22,921.91,928.0,895.0,921.98,5863.69032563,921.98
2017-01-23,922.41,937.74,886.76,923.75,7166.6944789,923.75
2017-01-24,911.0,927.57,911.0,911.54,3545.39150609,911.54
2017-01-25,884.34,923.0,881.48,885.47,9382.68907803,885.47
2017-01-26,893.28,904.01,884.5,893.25,5291.57004633,893.25
2017-01-27,914.38,919.49,892.86,914.96,5168.64054058,914.96
2017-01-28,918.21,924.88,908.01,918.21,4830.9407142,918.21
2017-01-29,917.1,920.99,913.08,918.78,1173.51062995,918.78
2017-01-30,912.03,919.99,910.45,913.53,1348.91924469,913.53
2017-01-31,919.75,923.0,910.0,919.75,3120.87214383,919.75
2017-02-01,963.09,970.0,917.5,963.99,9510.54254047,963.99
2017-02-02,983.78,986.96,962.0,983.79,6949.71505872,983.79
2017-02-03,1008.29,1011.65,973.12,1009.18,8269.16316156,1009.18
2017-02-04,1015.13,1022.64,987.01,1015.06,10928.1058627,1015.06
2017-02-05,1033.17,1044.23,1004.0,1034.13,5757.29008581,1034.13
2017-02-06,1010.01,1034.6,1004.7,1010.03,4343.0388117,1010.03
2017-02-07,1023.51,1031.94,1005.1,1023.51,5084.04773826,1023.51
2017-02-08,1051.21,1056.25,1021.3,1051.05,5371.92386833,1051.05
2017-02-09,1051.7,1070.0,1025.0,1050.4,9630.17402537,1050.4
2017-02-10,985.19,1074.69,913.73,986.0,25150.2995813,986.0
2017-02-11,995.51,1010.68,950.0,995.49,10731.08037327,995.49
2017-02-12,1011.01,1020.0,987.62,1012.4,4472.49289526,1012.4
2017-02-13,999.51,1011.97,991.98,1000.73,2683.99735828,1000.73
2017-02-14,1000.09,1007.89,975.1,1000.1,4576.49711255,1000.1
2017-02-15,1008.35,1019.0,987.97,1008.88,6761.10511052,1008.88
2017-02-16,1010.75,1013.8,1000.97,1012.37,3097.35859974,1012.37
2017-02-17,1032.7,1043.21,1010.75,1033.0,5999.43547507,1033.0
2017-02-18,1054.24,1064.99,1031.98,1055.76,6082.95536369,1055.76
2017-02-19,1056.0,1068.99,1046.14,1056.4,4471.97055627,1056.4
2017-02-20,1050.64,1061.9,1039.07,1051.8,2270.8499116,1051.8
2017-02-21,1083.99,1089.99,1044.39,1084.0,3669.81150743,1084.0
2017-02-22,1124.63,1126.86,1077.0,1124.62,8390.03589452,1124.62
2017-02-23,1130.02,1143.0,1098.16,1130.01,11674.38926566,1130.01
2017-02-24,1183.58,1193.92,1120.73,1187.44,11759.08049149,1187.44
2017-02-25,1180.14,1220.0,1091.1,1180.14,19591.08909445,1180.14
2017-02-26,1151.79,1184.73,1127.0,1152.2,6238.43763039,1152.2
2017-02-27,1179.05,1184.97,1133.0,1180.96,3540.37319934,1180.96
2017-02-28,1194.55,1197.99,1169.0,1194.88,4640.04631514,1194.88
2017-03-01,1189.64,1209.99,1176.27,1189.64,7561.81495003,1189.64
2017-03-02,1228.6,1231.0,1188.3,1228.6,6011.30325017,1228.6
2017-03-03,1256.22,1283.25,1215.0,1257.6,7762.1419202,1257.6
2017-03-04,1285.33,1298.0,1255.0,1285.33,7545.47720312,1285.33
2017-03-05,1259.01,1289.55,1230.0,1259.01,4951.27921119,1259.01
2017-03-06,1269.98,1275.0,1240.0,1273.0,3026.02794114,1273.0
2017-03-07,1278.01,1285.0,1251.0,1278.12,4249.61232437,1278.12
2017-03-08,1233.04,1281.62,1175.97,1233.86,14450.03806839,1233.86
2017-03-09,1149.32,1245.49,1145.5,1153.1,13411.10682291,1153.1
2017-03-10,1189.71,1208.0,1135.01,1190.97,7657.51244319,1190.97
2017-03-11,1112.55,1350.0,975.0,1115.0,33463.22542441,1115.0
2017-03-12,1176.5,1198.0,1106.51,1176.58,7337.97835787,1176.58
2017-03-13,1241.67,1249.02,1215.43,1242.48,5611.98996943,1242.48
2017-03-14,1244.19,1260.0,1226.5,1244.17,5699.98675618,1244.17
2017-03-15,1259.39,1260.0,1238.32,1259.97,3895.80791498,1259.97
2017-03-16,1173.04,1259.99,1130.0,1174.58,15114.76270532,1174.58
2017-03-17,1085.21,1187.99,1069.99,1087.88,16128.67488738,1087.88
2017-03-18,945.5,1099.0,944.36,949.21,21808.53828274,949.21
2017-03-19,1032.73,1063.7,945.51,1034.8,12328.73684943,1034.8
2017-03-21,1114.12,1117.9,1030.82,1115.7,11040.82381973,1115.7
2017-03-22,1023.87,1115.15,988.0,1023.0,14117.92917523,1023.0
2017-03-23,1023.02,1054.4,1010.69,1023.02,6161.2273355,1023.02
2017-03-24,926.0,1032.0,921.0,926.0,15351.69726392,926.0
2017-03-25,948.31,955.59,891.33,949.2,14009.8110432,949.2
2017-03-26,946.08,997.0,937.52,946.15,9487.14826525,946.15
2017-03-27,1033.84,1040.0,946.08,1035.1,8481.59556979,1035.1
2017-03-28,1039.47,1068.26,1014.9,1040.61,9108.41282095,1040.61
2017-03-29,1034.03,1059.43,1008.16,1034.76,9609.71269757,1034.76
2017-03-30,1025.15,1050.17,1017.14,1027.56,8575.83197888,1027.56
2017-03-31,1075.09,1081.0,1024.0,1076.7,11911.2908404,1076.7
2017-04-01,1077.53,1097.0,1061.64,1079.07,5432.45805069,1079.07
2017-04-02,1091.0,1100.0,1066.49,1092.63,7343.68306766,1092.63
2017-04-03,1145.58,1152.0,1076.0,1146.03,10951.66044976,1146.03
2017-04-04,1137.05,1162.93,1118.85,1137.95,7765.33812804,1137.95
2017-04-05,1126.81,1145.0,1111.0,1128.49,5485.81394011,1128.49
2017-04-06,1194.14,1201.37,1127.23,1194.89,9115.03806225,1194.89
2017-04-07,1184.05,1202.0,1176.0,1185.57,5557.4620305,1185.57
2017-04-08,1178.54,1197.3,1166.66,1181.97,2831.27448005,1181.97
2017-04-09,1210.33,1216.87,1173.98,1210.62,4772.43501101,1210.62
2017-04-10,1208.48,1219.71,1195.0,1208.97,3644.44026194,1208.97
2017-04-11,1222.75,1229.0,1198.02,1222.75,3528.12670935,1222.75
2017-04-12,1209.45,1224.57,1208.0,1212.4,3492.76307595,1212.4
2017-04-13,1173.35,1219.45,1141.0,1173.35,7099.24827998,1173.35
2017-04-14,1169.53,1193.0,1142.0,1169.98,9051.82152482,1169.98
2017-04-15,1171.79,1192.5,1169.0,1172.87,1658.46947599,1172.87
2017-04-16,1168.98,1179.3,1150.0,1173.25,2585.36537466,1173.25
2017-04-17,1178.65,1192.5,1161.0,1180.95,3707.17172841,1180.95
2017-04-18,1201.56,1210.0,1175.95,1201.53,5522.43316961,1201.53
2017-04-19,1200.92,1209.99,1190.0,1201.52,5941.02225701,1201.52
2017-04-20,1232.42,1243.88,1200.2,1232.51,6121.49750225,1232.51
2017-04-21,1241.93,1252.32,1231.65,1242.59,4976.93750406,1242.59
2017-04-22,1241.9,1247.15,1199.0,1242.56,3840.05640344,1242.56
2017-04-23,1238.25,1248.99,1223.42,1239.22,3021.86888549,1239.22
2017-04-24,1253.49,1254.0,1234.0,1253.62,2984.20887062,1253.62
2017-04-25,1271.58,1280.0,1251.07,1272.74,5240.6920563,1272.74
2017-04-26,1291.84,1330.0,1265.0,1294.8,8502.10100559,1294.8
2017-04-27,1333.54,1342.02,1285.0,1333.54,6754.21288855,1333.54
2017-04-28,1323.84,1347.02,1299.0,1323.84,7993.05990891,1323.84
2017-04-29,1333.02,1342.8,1316.0,1333.02,4195.81040173,1333.02
2017-04-30,1354.26,1356.0,1315.68,1352.91,3588.81463198,1352.91
2017-05-01,1397.24,1425.0,1341.22,1397.63,8497.00229097,1397.63
2017-05-02,1444.37,1481.73,1388.0,1446.19,9050.50132079,1446.19
2017-05-03,1502.44,1516.04,1431.02,1502.96,10704.86384912,1502.96
2017-05-04,1515.95,1623.01,1444.94,1521.73,19585.41971406,1521.73
2017-05-05,1531.16,1609.0,1496.07,1531.16,15445.24983664,1531.16
2017-05-06,1555.0,1578.97,1495.0,1557.59,8401.52053987,1557.59
2017-05-07,1562.15,1565.0,1525.0,1562.15,7428.46635254,1562.15
2017-05-08,1642.01,1643.36,1553.04,1642.0,18636.80890372,1642.0
2017-05-09,1722.14,1760.4,1616.0,1724.8,17445.71622147,1724.8
2017-05-10,1761.51,1794.21,1682.0,1761.51,11347.00206875,1761.51
2017-05-11,1823.02,1892.0,1745.01,1825.92,14790.46113157,1825.92
2017-05-12,1725.12,1834.41,1650.0,1728.85,16565.38913795,1728.85
2017-05-13,1768.05,1785.82,1601.46,1768.05,11036.01980861,1768.05
2017-05-14,1777.43,1815.0,1753.0,1780.0,4907.90440722,1780.0
2017-05-15,1730.96,1784.0,1682.56,1734.99,12950.25107232,1734.99
2017-05-16,1710.5,1750.0,1641.22,1710.46,16638.3610971,1710.46
2017-05-17,1772.51,1840.42,1670.01,1772.51,17962.07554184,1772.51
2017-05-18,1879.02,1881.0,1766.33,1880.89,11730.43222179,1880.89
2017-05-19,1959.99,1969.99,1874.99,1960.52,14177.94695669,1960.52
2017-05-20,2001.99,2004.0,1914.0,1999.6,12294.38003892,1999.6
2017-05-21,2020.01,2063.11,1961.52,2020.85,6917.06748325,2020.85
2017-05-22,2043.0,2230.34,2008.75,2043.0,15322.81284096,2043.0
2017-05-23,2247.6,2268.12,2001.0,2251.24,14763.53325293,2251.24
2017-05-24,2390.4,2481.75,2242.85,2390.41,21415.98148071,2390.41
2017-05-25,2376.01,2760.1,2263.72,2376.05,31438.69294163,2376.05
2017-05-26,2267.28,2599.12,2060.0,2271.67,30230.31573844,2271.67
2017-05-27,2046.79,2339.94,1850.0,2051.12,26804.14303618,2051.12
2017-05-28,2160.57,2313.96,2015.3,2160.48,15501.43068612,2160.48
2017-05-29,2265.94,2350.0,2110.0,2268.6,12085.17896118,2268.6
2017-05-30,2179.92,2339.08,2160.0,2187.87,13533.35665405,2187.87
2017-05-31,2307.01,2334.0,2154.28,2307.02,16480.93146337,2307.02
2017-06-01,2378.01,2456.39,2286.38,2380.22,18321.8104714,2380.22
2017-06-02,2475.05,2476.07,2368.01,2475.05,12084.86825448,2475.05
2017-06-03,2562.53,2584.34,2445.0,2562.53,11216.22857061,2562.53
2017-06-04,2525.97,2570.0,2460.0,2527.43,9077.9120567,2527.43
2017-06-05,2674.01,2689.09,2519.46,2675.15,11789.15804789,2675.15
2017-06-06,2852.5,2933.0,2669.14,2860.15,26977.58081553,2860.15
2017-06-07,2710.88,2893.28,2612.5,2712.99,16484.8984663,2712.99
2017-06-08,2801.0,2815.0,2613.13,2811.34,13642.30639353,2811.34
2017-06-09,2808.87,2868.23,2780.43,2809.99,7932.67108278,2809.99
2017-06-10,2879.64,2912.98,2790.0,2879.65,9604.16431284,2879.65
2017-06-11,2950.79,2961.46,2861.53,2952.76,7144.55602796,2952.76
2017-06-12,2630.0,2980.0,2480.03,2632.99,30890.44750951,2632.99
2017-06-13,2695.71,2783.62,2630.03,2700.4,16735.68973388,2700.4
2017-06-14,2382.03,2801.0,2320.0,2388.45,28663.56958256,2388.45
2017-06-15,2405.58,2516.2,2120.0,2408.64,37043.04243157,2408.64
2017-06-16,2456.71,2540.0,2307.66,2458.25,14516.78427467,2458.25
2017-06-17,2662.92,2674.39,2420.53,2665.5,10905.0606653,2665.5
2017-06-18,2502.92,2674.4,2460.62,2503.87,9492.48467151,2503.87
2017-06-19,2582.27,2596.0,2480.96,2582.15,10523.2865165,2582.15
2017-06-20,2749.93,2783.0,2581.0,2750.0,15752.67553595,2750.0
2017-06-21,2651.05,2789.0,2611.0,2651.04,15437.40336833,2651.04
2017-06-22,2701.12,2740.0,2594.61,2709.63,11273.68983423,2709.63
2017-06-23,2701.26,2745.0,2688.88,2701.26,7787.20541629,2701.26
2017-06-24,2553.95,2724.96,2512.13,2553.73,13575.04019513,2553.73
2017-06-25,2483.38,2635.72,2432.0,2483.38,10448.97473243,2483.38
2017-06-26,2425.16,2550.03,2315.01,2425.14,21705.25609859,2425.14
2017-06-27,2521.9,2524.08,2291.0,2521.9,19176.80409588,2521.9
2017-06-28,2551.51,2593.0,2468.01,2551.51,12736.00093769,2551.51
2017-06-29,2547.01,2594.78,2500.31,2547.01,8003.07758005,2547.01
2017-06-30,2462.99,2565.01,2455.55,2462.73,8723.37654164,2462.73
2017-07-01,2424.96,2517.11,2390.0,2424.96,8951.05250675,2424.96
2017-07-02,2507.3,2517.5,2374.34,2504.39,8570.00386823,2504.39
2017-07-03,2559.21,2595.0,2472.68,2564.13,11683.57038068,2564.13
2017-07-04,2590.0,2639.47,2539.86,2590.4,9760.68893324,2590.4
2017-07-05,2597.31,2623.0,2530.1,2597.31,10690.36681855,2597.31
2017-07-06,2602.46,2614.0,2522.0,2608.15,8544.504388,2608.15
2017-07-07,2482.0,2612.0,2475.0,2484.62,9042.49569392,2484.62
2017-07-08,2550.0,2555.0,2462.0,2551.96,5844.96093896,2551.96
2017-07-09,2510.0,2564.65,2501.0,2513.49,4368.9951278,2513.49
2017-07-10,2338.0,2527.88,2315.0,2339.11,15638.98350079,2339.11
2017-07-11,2336.69,2399.0,2242.62,2339.63,18718.55661405,2339.63
2017-07-12,2376.94,2408.84,2239.54,2377.79,13301.01680085,2377.79
2017-07-13,2347.8,2425.16,2312.93,2347.8,8549.68729556,2347.8
2017-07-14,2200.66,2357.84,2140.0,2207.34,12447.04740331,2207.34
2017-07-15,2025.85,2226.0,1978.0,2031.94,19156.18192474,2031.94
2017-07-16,1934.57,2050.44,1830.0,1936.93,25926.4549277,1936.93
2017-07-17,2205.99,2208.98,1901.0,2208.95,24973.24967068,2208.95
2017-07-18,2288.0,2392.0,2164.0,2288.0,26895.13843564,2288.0
2017-07-19,2269.01,2402.5,2223.0,2271.7,17164.48332039,2271.7
2017-07-20,2832.37,2835.0,2242.0,2832.37,27956.04894775,2832.37
2017-07-21,2695.02,2938.0,2611.39,2699.03,23548.66670306,2699.03
2017-07-22,2820.07,2882.0,2644.59,2820.07,13064.0399008,2820.07
2017-07-23,2721.11,2855.0,2640.0,2728.39,11062.58989345,2728.39
2017-07-24,2755.1,2800.0,2701.0,2759.86,9866.98553842,2759.86
2017-07-25,2537.84,2775.79,2450.0,2545.98,21254.92323475,2545.98
2017-07-26,2502.66,2608.96,2400.0,2509.99,17585.92589383,2509.99
2017-07-27,2681.57,2691.39,2494.01,2681.57,11909.71485859,2681.57
2017-07-28,2776.25,2825.0,2645.0,2777.62,14388.26299078,2777.62
2017-07-29,2678.5,2791.08,2631.78,2678.82,9556.17495516,2678.82
2017-07-30,2726.89,2774.45,2569.69,2732.03,10935.17646685,2732.03
2017-07-31,2841.01,2889.99,2680.01,2841.0,11076.35474487,2841.0
2017-08-01,2691.37,2929.17,2615.0,2699.98,12426.01397776,2699.98
2017-08-02,2687.13,2760.0,2650.0,2687.1,9445.0357138,2687.1
2017-08-03,2798.1,2807.44,2676.7,2803.49,7991.96202949,2803.49
2017-08-04,2853.02,2877.52,2765.91,2853.04,7653.19159959,2853.04
2017-08-05,3235.85,3339.66,2840.65,3235.97,16966.48395127,3235.97
2017-08-06,3247.0,3296.51,3146.1,3256.0,6082.97650971,3256.0
2017-08-07,3379.62,3430.0,3186.0,3379.58,11963.68749942,3379.58
2017-08-08,3447.19,3490.0,3300.0,3452.76,15731.80493109,3452.76
2017-08-09,3293.01,3450.98,3178.72,3298.88,14215.37245604,3298.88
2017-08-10,3427.0,3448.0,3293.01,3427.0,9122.30573363,3427.0
2017-08-11,3671.0,3678.0,3390.67,3670.2,11473.56564319,3670.2
2017-08-12,3830.01,3934.0,3586.95,3838.63,12754.350785,3838.63
2017-08-13,4086.9,4190.0,3812.73,4090.0,16109.87626147,4090.0
2017-08-14,4247.45,4328.0,3964.96,4254.89,13885.62596575,4254.89
2017-08-15,4168.06,4400.0,3800.0,4178.36,25827.9635127,4178.36
2017-08-16,4322.43,4364.0,3926.06,4322.4,12524.012282,4322.4
2017-08-17,4300.42,4480.0,4167.21,4317.64,14856.31334303,4317.64
2017-08-18,4102.48,4368.0,3964.96,4117.47,17248.93526406,4117.47
2017-08-19,4095.64,4188.0,3900.0,4100.0,15205.56746607,4100.0
2017-08-20,4091.01,4130.0,4000.0,4098.97,6157.07701149,4098.97
2017-08-21,3995.26,4099.03,3949.78,3995.26,9592.87691456,3995.26
2017-08-22,4045.6,4139.31,3600.0,4054.37,23793.83465471,4054.37
2017-08-23,4110.52,4248.97,4011.09,4122.97,14859.05521902,4122.97
2017-08-24,4310.96,4327.77,4082.57,4314.16,10873.68454348,4314.16
2017-08-25,4362.48,4449.98,4270.0,4362.47,9962.08581008,4362.47
2017-08-26,4333.04,4372.2,4232.43,4333.03,6572.1508273,4333.03
2017-08-27,4337.96,4393.3,4290.32,4339.8,4067.89204358,4339.8
2017-08-28,4365.01,4399.72,4169.01,4365.1,8509.58052548,4365.1
2017-08-29,4586.78,4649.78,4336.26,4590.0,11663.9143217,4590.0
2017-08-30,4573.79,4642.22,4479.0,4573.76,8982.21841025,4573.76
2017-08-31,4735.93,4765.21,4566.66,4741.48,8577.45351508,4741.48
2017-09-01,4876.3,4935.0,4671.09,4880.1,15524.15554724,4880.1
2017-09-02,4493.62,4979.9,4488.5,4493.63,17016.74711081,4493.63
2017-09-03,4580.46,4700.0,4385.0,4581.69,11151.40743169,4581.69
2017-09-04,4302.27,4624.72,4058.5,4315.92,24956.34188567,4315.92
2017-09-05,4441.72,4449.45,4001.93,4448.12,20577.86334486,4448.12
2017-09-06,4602.71,4649.23,4356.42,4603.2,17167.63667577,4603.2
2017-09-07,4614.5,4674.34,4475.0,4618.0,9447.80757287,4618.0
2017-09-08,4293.42,4679.97,4125.99,4293.48,22944.54370826,4293.48
2017-09-09,4322.85,4379.78,4164.0,4329.29,10648.36017792,4329.29
2017-09-10,4250.13,4334.38,4010.0,4250.09,14626.18244941,4250.09
2017-09-11,4209.41,4353.49,4092.4,4220.31,11319.2572681,4220.31
2017-09-12,4179.0,4377.65,4080.0,4179.0,13123.9793448,4179.0
2017-09-13,3927.56,4182.28,3720.01,3932.7,29213.08240847,3932.7
2017-09-14,3303.01,3934.74,3251.29,3313.98,39316.8652252,3313.98
2017-09-15,3769.96,3820.0,2972.01,3772.43,61852.84728682,3772.43
2017-09-16,3690.38,3872.9,3500.0,3700.79,23999.47960285,3700.79
2017-09-17,3692.55,3772.52,3463.0,3699.54,11659.61029743,3699.54
2017-09-18,4057.75,4122.7,3646.39,4059.64,17153.00215421,4059.64
2017-09-19,3909.91,4119.7,3848.35,3909.74,15457.39209073,3909.74
2017-09-20,3944.14,4050.0,3820.56,3956.65,10959.20104994,3956.65
2017-09-21,3618.18,3960.27,3573.0,3620.0,18318.83888203,3620.0
2017-09-22,3604.55,3761.84,3514.0,3601.62,15421.92939718,3601.62
2017-09-23,3741.92,3810.25,3552.0,3747.35,9821.31211675,3747.35
2017-09-24,3682.89,3783.25,3615.0,3682.89,6859.54277365,3682.89
2017-09-25,3916.6,3968.59,3658.31,3916.6,14795.2226504,3916.6
2017-09-26,3886.0,3970.0,3850.61,3889.1,10063.51964622,3889.1
2017-09-27,4199.0,4206.59,3870.0,4199.0,14758.98492721,4199.0
2017-09-28,4172.97,4270.01,4123.5,4173.78,10026.17344288,4173.78
2017-09-29,4161.43,4227.62,4022.02,4164.0,12159.68117722,4164.0
2017-09-30,4319.35,4349.0,4132.01,4325.0,7585.28320242,4325.0
2017-10-01,4346.01,4364.0,4216.0,4355.63,6932.19090696,4355.63
2017-10-02,4364.61,4453.0,4335.29,4367.0,8384.1379624,4367.0
2017-10-03,4297.92,4425.0,4218.0,4299.98,12437.53172662,4299.98
2017-10-04,4219.31,4343.0,4170.07,4225.2,8645.60642149,4225.2
2017-10-05,4351.48,4358.97,4137.96,4355.0,8157.69023431,4355.0
2017-10-06,4343.05,4425.0,4278.4,4348.89,8555.74289734,4348.89
2017-10-07,4445.01,4449.0,4312.82,4449.0,4058.56831036,4449.0
2017-10-08,4608.74,4612.0,4404.5,4608.77,10606.87990984,4608.77
2017-10-09,4746.0,4865.0,4541.0,4750.41,12824.84317527,4750.41
2017-10-10,4752.59,4909.97,4713.0,4752.59,11197.85740193,4752.59
2017-10-11,4801.55,4869.78,4700.0,4808.41,10510.28986684,4808.41
2017-10-12,5300.06,5388.0,4793.66,5305.27,19058.21841069,5305.27
2017-10-13,5625.84,5846.43,5295.01,5625.85,28290.67287411,5625.85
2017-10-14,5710.22,5767.14,5558.26,5717.0,8080.77373388,5717.0
2017-10-15,5680.0,5830.0,5415.0,5681.0,11943.23104898,5681.0
2017-10-16,5712.13,5747.97,5548.0,5715.0,8811.6031586,5715.0
2017-10-17,5566.34,5807.11,5506.78,5566.34,9656.70773416,5566.34
2017-10-18,5568.6,5599.99,5101.36,5568.6,18578.27248191,5568.6
2017-10-19,5714.0,5735.14,5512.06,5723.98,10405.37001151,5723.98
2017-10-20,5984.76,6074.0,5589.8,5987.27,14675.1859853,5987.27
2017-10-21,6073.29,6180.0,5871.0,6084.35,15606.56904924,6084.35
2017-10-22,5921.0,6084.28,5700.0,5921.0,12000.96943424,5921.0
2017-10-23,5849.34,6045.34,5617.75,5853.92,15288.52542125,5853.92
2017-10-24,5510.05,5884.35,5453.01,5518.32,17536.13455194,5518.32
2017-10-25,5674.13,5715.99,5366.0,5688.17,12184.10439945,5688.17
2017-10-26,5873.06,5988.0,5660.65,5873.05,12111.94902977,5873.05
2017-10-27,5777.23,5994.06,5674.06,5779.98,11975.50948412,5779.98
2017-10-28,5737.41,5875.66,5646.18,5747.1,5999.69628681,5747.1
2017-10-29,6170.21,6316.85,5683.0,6170.22,15643.48468847,6170.22
2017-10-30,6098.79,6229.77,6024.03,6098.79,9705.37039182,6098.79
2017-10-31,6372.01,6420.0,6072.81,6379.19,13352.51694831,6379.19
2017-11-01,6656.78,6669.78,6340.01,6665.36,12031.01615136,6665.36
2017-11-02,7033.0,7354.1,6627.24,7033.0,27406.71080149,7033.0
2017-11-03,7200.02,7500.0,6925.22,7205.89,16254.31694836,7205.89
2017-11-04,7413.46,7569.9,6994.0,7415.56,8857.9793481,7415.56
2017-11-05,7317.51,7590.0,7275.16,7313.23,9124.45530452,7313.23
2017-11-07,6943.41,7421.39,6922.07,6960.4,19335.65776668,6960.4
2017-11-08,7120.78,7244.69,6943.67,7127.57,11627.94724112,7127.57
2017-11-09,7455.88,7888.0,7080.01,7468.0,24678.2489497,7468.0
2017-11-10,7149.87,7490.0,7061.2,7149.87,14807.73802511,7149.87
2017-11-11,6586.11,7343.18,6429.44,6588.18,26601.50811079,6588.18
2017-11-12,6355.03,6820.0,6218.0,6355.13,14959.77362314,6355.13
2017-11-13,5883.45,6488.88,5555.55,5883.56,37298.29339115,5883.56
2017-11-14,6512.83,6775.75,5846.0,6512.83,27217.61940279,6512.83
2017-11-15,6595.19,6750.0,6466.88,6608.85,12058.84620573,6608.85
2017-11-16,7294.46,7350.0,6607.49,7294.47,16887.64915412,7294.47
2017-11-17,7825.96,7976.79,7120.85,7830.88,19286.37934533,7830.88
2017-11-18,7686.17,7997.0,7528.5,7685.17,17732.77619475,7685.17
2017-11-19,7775.84,7858.0,7431.54,7775.84,7326.47989418,7775.84
2017-11-20,8008.39,8087.35,7675.0,8016.58,8305.06655487,8016.58
2017-11-21,8202.14,8269.99,7900.0,8201.03,8182.55462445,8201.03
2017-11-22,8080.47,8354.46,7770.0,8084.01,13686.61202403,8084.01
2017-11-23,8207.56,8310.89,8045.76,8214.69,8078.50009089,8214.69
2017-11-24,7990.0,8279.76,7990.0,7990.0,7785.9951044,7990.0
2017-11-25,8190.08,8340.0,7876.0,8199.19,9316.51010243,8199.19
2017-11-26,8710.01,8737.0,8114.78,8718.0,11611.16588697,8718.0
2017-11-27,9265.05,9366.6,8538.2,9267.48,12035.00590555,9267.48
2017-11-28,9699.0,9721.7,9267.0,9708.93,13273.29203576,9708.93
2017-11-29,9855.0,9968.0,9582.25,9867.76,11212.03489532,9867.76
2017-11-30,9800.62,11395.0,9250.0,9805.82,33378.83559495,9805.82
2017-12-01,9926.14,10618.29,9000.0,9939.99,25437.75904115,9939.99
2017-12-02,10841.0,10949.89,9370.11,10848.89,16706.35548422,10848.89
2017-12-03,10871.57,11200.0,10637.69,10872.0,9269.76730946,10872.0
2017-12-04,11230.29,11800.01,10513.16,11230.72,14218.787696,11230.72
2017-12-05,11596.0,11613.07,10850.0,11612.0,13634.54522499,11612.0
2017-12-06,11678.51,11850.0,11384.25,11683.93,11854.69638303,11683.93
2017-12-07,13602.91,13700.0,11659.8,13623.5,19801.46238279,13623.5
